Soil_ID,OC,pH,Clay,CEC,T,Ratio,logKow,lnCe,ln_Qe
1,0.058139535,7.2,,2.9,298,0.025,3.36,8.792777379,6.671653127
1,0.058139535,7.2,,2.9,298,0.025,3.36,8.485619962,6.233626104
1,0.058139535,7.2,,2.9,298,0.025,3.36,8.394867353,6.261491684
1,0.058139535,7.2,,2.9,298,0.025,3.36,8.016812826,5.777652323
1,0.058139535,7.2,,2.9,298,0.025,3.36,7.226354454,5.96100534
1,0.058139535,7.2,,2.9,298,0.025,3.36,7.593877845,4.98223582
1,0.058139535,7.2,,2.9,298,0.025,3.36,7.221616663,5.254887809
1,0.058139535,7.2,,2.9,298,0.025,3.36,6.772737067,5.254887809
1,0.058139535,7.2,,2.9,298,0.025,3.36,4.888090941,5.478970866
1,0.058139535,7.2,,2.9,298,0.025,3.36,6.546641928,4.428433007
2,0.122093023,7,10,21.21,294,0.025,4.57,5.446051361,2.879934142
2,0.122093023,7,10,21.21,294,0.025,4.57,5.18006916,2.683450084
2,0.122093023,7,10,21.21,294,0.025,4.57,4.684445214,2.269493558
2,0.122093023,7,10,21.21,294,0.025,4.57,3.904780844,1.602614687
2,0.122093023,7,10,21.21,294,0.025,4.57,3.557682477,1.289039792
2,0.122093023,7,10,21.21,294,0.025,4.57,3.188692868,0.983837225
2,0.122093023,7,10,21.21,294,0.025,4.57,2.906020891,0.772651282
2,0.122093023,7,10,21.21,294,0.025,4.57,2.677879612,0.464991087
2,0.122093023,7,10,21.21,294,0.025,4.57,2.149503841,0.136888252
2,0.122093023,7,10,21.21,294,0.025,4.57,1.411645294,-0.450514777
3,0.168604651,8.14,8.9,,298,0.01,3.36,9.036867549,5.068056044
3,0.168604651,8.14,8.9,,298,0.01,3.36,8.915217351,5.059087623
3,0.168604651,8.14,8.9,,298,0.01,3.36,8.804880264,4.913905574
3,0.168604651,8.14,8.9,,298,0.01,3.36,8.664975062,4.803904645
3,0.168604651,8.14,8.9,,298,0.01,3.36,8.506010902,4.66704579
3,0.168604651,8.14,8.9,,298,0.01,3.36,8.321445912,4.508440099
3,0.168604651,8.14,8.9,,298,0.01,3.36,8.128260664,4.133746349
3,0.168604651,8.14,8.9,,298,0.01,3.36,7.801554973,4.013118238
3,0.168604651,8.14,8.9,,298,0.01,3.36,7.418600903,3.527612682
3,0.168604651,8.14,8.9,,298,0.01,3.36,6.725393721,2.834465501
4,0.179,8.5,,,298,0.2,3.36,8.684621052,3.412542779
4,0.179,8.5,,,298,0.2,3.36,8.646957497,3.067862219
4,0.179,8.5,,,298,0.2,3.36,8.182223825,3.101073789
4,0.179,8.5,,,298,0.2,3.36,7.749667233,2.927132182
4,0.179,8.5,,,298,0.2,3.36,7.305255417,2.557576088
4,0.179,8.5,,,298,0.2,3.36,6.91790361,1.659199034
4,0.179,8.5,,,298,0.2,3.36,6.277395087,0.932911833
4,0.179,8.5,,,318,0.2,3.36,7.419380583,3.9462621
4,0.179,8.5,,,318,0.2,3.36,7.368087289,3.74134144
4,0.179,8.5,,,318,0.2,3.36,6.853087878,3.559584788
4,0.179,8.5,,,318,0.2,3.36,6.638829535,3.26475891
4,0.179,8.5,,,318,0.2,3.36,6.359573869,2.826390119
4,0.179,8.5,,,318,0.2,3.36,6.11853763,2.028792776
4,0.179,8.5,,,318,0.2,3.36,5.68085497,1.296342301
5,0.186046512,7.85,39.05,,303,0.1,5.18,4.24058979,5.017964371
5,0.186046512,7.85,39.05,,303,0.1,5.18,3.935370323,4.605008173
5,0.186046512,7.85,39.05,,303,0.1,5.18,3.807537662,4.266907548
5,0.186046512,7.85,39.05,,303,0.1,5.18,3.615378221,3.720177035
5,0.186046512,7.85,39.05,,303,0.1,5.18,3.114390482,3.007636141
5,0.186046512,7.85,39.05,,303,0.1,5.18,2.558265532,2.552316046
5,0.186046512,7.85,39.05,,303,0.1,5.18,4.245672691,5.289744222
5,0.186046512,7.85,39.05,,303,0.1,5.18,4.110898454,5.010635294
5,0.186046512,7.85,39.05,,303,0.1,5.18,3.885888454,4.60028025
5,0.186046512,7.85,39.05,,303,0.1,5.18,3.727573586,4.251973472
5,0.186046512,7.85,39.05,,303,0.1,5.18,3.189620017,3.712976768
5,0.186046512,7.85,39.05,,303,0.1,5.18,2.950729677,3.088821808
5,0.186046512,7.85,39.05,,303,0.1,5.18,2.304103939,2.460212579
5,0.186046512,7.85,39.05,,303,0.1,5.18,4.083153846,5.282336856
5,0.186046512,7.85,39.05,,303,0.1,5.18,3.847787372,5.000831393
5,0.186046512,7.85,39.05,,303,0.1,5.18,3.808179117,4.592900217
5,0.186046512,7.85,39.05,,303,0.1,5.18,3.61570374,4.241502277
5,0.186046512,7.85,39.05,,303,0.1,5.18,3.012284526,3.676609485
5,0.186046512,7.85,39.05,,303,0.1,5.18,2.768404983,3.019829587
5,0.186046512,7.85,39.05,,303,0.1,5.18,2.04627248,2.326682406
5,0.186046512,7.85,39.05,,303,0.1,5.18,2.950729677,5.289744222
5,0.186046512,7.85,39.05,,303,0.1,5.18,2.876622108,5.005745358
5,0.186046512,7.85,39.05,,303,0.1,5.18,2.787274112,4.62209908
5,0.186046512,7.85,39.05,,303,0.1,5.18,2.739419661,4.262336156
5,0.186046512,7.85,39.05,,303,0.1,5.18,2.55709552,3.730676173
5,0.186046512,7.85,39.05,,303,0.1,5.18,1.875640953,3.088821808
5,0.186046512,7.85,39.05,,303,0.1,5.18,1.333315436,2.252575185
6,0.197674419,5.16,40.82,,298,0.39764758,4.57,6.028643514,-0.139022901
6,0.197674419,5.16,40.82,,298,0.39764758,4.57,5.891978962,-0.334010868
6,0.197674419,5.16,40.82,,298,0.39764758,4.57,5.757849801,-0.345549491
6,0.197674419,5.16,40.82,,298,0.39764758,4.57,5.608472395,-0.465850187
6,0.197674419,5.16,40.82,,298,0.39764758,4.57,5.392249324,-0.913419607
6,0.197674419,5.16,40.82,,298,0.39764758,4.57,5.088344204,-0.939700618
6,0.197674419,5.16,40.82,,298,0.39764758,4.57,4.664010629,-1.176603452
7,0.23255814,5.5,,0.3,298,0.025,3.36,9.599499931,4.765586907
7,0.23255814,5.5,,0.3,298,0.025,3.36,9.239792372,3.206803244
7,0.23255814,5.5,,0.3,298,0.025,3.36,5.777342678,0.832909123
8,0.26744186,8.12,12.7,,298,0.01,3.36,8.975554309,5.353503698
8,0.26744186,8.12,12.7,,298,0.01,3.36,8.832281265,5.366837326
8,0.26744186,8.12,12.7,,298,0.01,3.36,8.726919128,5.224754784
8,0.26744186,8.12,12.7,,298,0.01,3.36,8.605753368,5.031688773
8,0.26744186,8.12,12.7,,298,0.01,3.36,8.456104712,4.871346406
8,0.26744186,8.12,12.7,,298,0.01,3.36,8.26588162,4.706266322
8,0.26744186,8.12,12.7,,298,0.01,3.36,8.024731252,4.539211991
8,0.26744186,8.12,12.7,,298,0.01,3.36,7.739054411,4.261580682
8,0.26744186,8.12,12.7,,298,0.01,3.36,7.300810367,3.933075831
8,0.26744186,8.12,12.7,,298,0.01,3.36,6.632396956,3.34528995
9,0.313953488,7.58,8,9.09,298,0.0111,4.57,5.961778237,4.003690194
9,0.313953488,7.58,8,9.09,298,0.0111,4.57,5.797272818,3.740047741
9,0.313953488,7.58,8,9.09,298,0.0111,4.57,5.458734088,3.490428515
9,0.313953488,7.58,8,9.09,298,0.0111,4.57,5.122772794,3.0301337
9,0.313953488,7.58,8,9.09,298,0.0111,4.57,4.679349584,2.856470206
10,0.342,8.09,40,,298,0.2,3.36,8.700614144,3.399836456
10,0.342,8.09,40,,298,0.2,3.36,8.332885664,3.377795685
10,0.342,8.09,40,,298,0.2,3.36,7.750786909,2.91942342
10,0.342,8.09,40,,298,0.2,3.36,7.307671688,2.531424393
10,0.342,8.09,40,,298,0.2,3.36,6.754720643,1.742971805
10,0.342,8.09,40,,298,0.2,3.36,5.75827066,1.232152015
10,0.342,8.09,40,,298,0.2,3.36,7.948243982,3.572862358
10,0.342,8.09,40,,298,0.2,3.36,7.894653578,3.280140242
10,0.342,8.09,40,,298,0.2,3.36,7.320196001,3.115739501
10,0.342,8.09,40,,298,0.2,3.36,6.853615833,2.731799279
10,0.342,8.09,40,,298,0.2,3.36,6.212205214,2.002330989
10,0.342,8.09,40,,298,0.2,3.36,5.329816034,1.380301439
11,0.348837209,8.1,6.25,,303,0.1,5.18,4.463280532,3.651629198
11,0.348837209,8.1,6.25,,303,0.1,5.18,3.97459021,2.986630982
11,0.348837209,8.1,6.25,,303,0.1,5.18,3.50813066,2.28407483
11,0.348837209,8.1,6.25,,303,0.1,5.18,2.971828849,1.774426789
11,0.348837209,8.1,6.25,,303,0.1,5.18,4.780616496,4.252632387
11,0.348837209,8.1,6.25,,303,0.1,5.18,4.720613598,4.599156138
11,0.348837209,8.1,6.25,,303,0.1,5.18,4.540418309,4.241336824
11,0.348837209,8.1,6.25,,303,0.1,5.18,4.156115194,3.687538556
11,0.348837209,8.1,6.25,,303,0.1,5.18,3.813280542,3.014028865
11,0.348837209,8.1,6.25,,303,0.1,5.18,3.246401494,2.374338152
11,0.348837209,8.1,6.25,,303,0.1,5.18,2.714939747,1.573520537
11,0.348837209,8.1,6.25,,303,0.1,5.18,4.528519137,4.591303486
11,0.348837209,8.1,6.25,,303,0.1,5.18,4.283903753,4.235389739
11,0.348837209,8.1,6.25,,303,0.1,5.18,4.100606581,3.687360802
11,0.348837209,8.1,6.25,,303,0.1,5.18,3.515611787,2.95696026
11,0.348837209,8.1,6.25,,303,0.1,5.18,3.090478658,2.302475087
11,0.348837209,8.1,6.25,,303,0.1,5.18,2.500525702,1.406170515
11,0.348837209,8.1,6.25,,303,0.1,5.18,4.315602337,4.59838522
11,0.348837209,8.1,6.25,,303,0.1,5.18,3.775648718,4.250427659
11,0.348837209,8.1,6.25,,303,0.1,5.18,3.275033071,3.694824249
11,0.348837209,8.1,6.25,,303,0.1,5.18,2.947303294,3.011384141
11,0.348837209,8.1,6.25,,303,0.1,5.18,2.408574411,2.33653231
11,0.348837209,8.1,6.25,,303,0.1,5.18,2.255147514,1.57115436
12,0.359302326,7.31,14.9,9.36,298,0.02,4.57,6.40075566,2.999290934
12,0.359302326,7.31,14.9,9.36,298,0.02,4.57,6.187647917,2.75219467
12,0.359302326,7.31,14.9,9.36,298,0.02,4.57,6.025624399,2.665177494
12,0.359302326,7.31,14.9,9.36,298,0.02,4.57,5.720967299,2.288232587
12,0.359302326,7.31,14.9,9.36,298,0.02,4.57,4.863680881,1.27057482
12,0.359302326,7.31,14.9,9.36,298,0.02,4.57,4.077537444,0.702602339
12,0.359302326,7.31,14.9,9.36,298,0.02,4.57,3.321432413,0.171934464
13,0.36627907,7.66,6,8.84,298,0.0111,4.57,5.868166331,4.056988776
13,0.36627907,7.66,6,8.84,298,0.0111,4.57,5.682558838,3.815512105
13,0.36627907,7.66,6,8.84,298,0.0111,4.57,5.386786015,3.532225644
13,0.36627907,7.66,6,8.84,298,0.0111,4.57,5.006627273,3.117949906
13,0.36627907,7.66,6,8.84,298,0.0111,4.57,4.707726774,2.844909384
14,0.391,7.81,23,,298,0.2,3.36,7.761744985,3.642654871
14,0.391,7.81,23,,298,0.2,3.36,7.526232791,3.414712309
14,0.391,7.81,23,,298,0.2,3.36,6.619806504,3.261291429
14,0.391,7.81,23,,298,0.2,3.36,6.299316826,2.818905592
14,0.391,7.81,23,,298,0.2,3.36,5.944110851,2.054316023
14,0.391,7.81,23,,298,0.2,3.36,5.837730447,1.198940162
14,0.391,7.81,23,,318,0.2,3.36,7.776618917,3.875246982
14,0.391,7.81,23,,318,0.2,3.36,7.555486596,3.690737726
14,0.391,7.81,23,,318,0.2,3.36,6.959493474,3.544333336
14,0.391,7.81,23,,318,0.2,3.36,6.758442876,3.25923051
14,0.391,7.81,23,,318,0.2,3.36,6.355934035,2.858468209
14,0.391,7.81,23,,318,0.2,3.36,5.525054453,2.2062614
14,0.391,7.81,23,,318,0.2,3.36,5.25801607,1.36965672
15,0.413372093,8.07,15.3,9.89,298,0.02,4.57,6.287114789,3.142387792
15,0.413372093,8.07,15.3,9.89,298,0.02,4.57,6.005860427,2.987382511
15,0.413372093,8.07,15.3,9.89,298,0.02,4.57,5.443283137,2.596775937
15,0.413372093,8.07,15.3,9.89,298,0.02,4.57,4.551769409,1.676049284
15,0.413372093,8.07,15.3,9.89,298,0.02,4.57,3.756538103,1.047459335
15,0.413372093,8.07,15.3,9.89,298,0.02,4.57,3.091042453,0.434311683
16,0.43,7,10,21.21,298,0.1905,3.36,5.810936781,0.285554811
16,0.43,7,10,21.21,298,0.1905,3.36,5.426222335,-0.034902052
16,0.43,7,10,21.21,298,0.1905,3.36,5.098244992,-0.330033013
16,0.43,7,10,21.21,298,0.1905,3.36,4.898670052,-0.491676805
16,0.43,7,10,21.21,298,0.1905,3.36,4.59615265,-0.809007067
16,0.43,7,10,21.21,298,0.1905,3.36,4.160341395,-1.133514341
16,0.43,7,10,21.21,298,0.1905,3.36,3.508352286,-1.860466667
17,0.459302326,8,8.4,4.8,293,0.02,4.18,5.186502511,3.472728444
17,0.459302326,8,8.4,4.8,293,0.02,4.18,4.916993827,3.311164023
17,0.459302326,8,8.4,4.8,293,0.02,4.18,4.52572535,3.065193664
17,0.459302326,8,8.4,4.8,293,0.02,4.18,4.059995462,2.675924545
17,0.459302326,8,8.4,4.8,293,0.02,4.18,3.278167455,2.014434447
17,0.459302326,8,8.4,4.8,293,0.02,4.18,2.690756659,1.544354101
17,0.459302326,8,8.4,4.8,293,0.02,5.22,6.483224317,2.861421858
17,0.459302326,8,8.4,4.8,293,0.02,5.22,6.265554318,2.662430033
17,0.459302326,8,8.4,4.8,293,0.02,5.22,6.01941052,2.463636315
17,0.459302326,8,8.4,4.8,293,0.02,5.22,5.544734768,2.099228336
17,0.459302326,8,8.4,4.8,293,0.02,5.22,4.851587588,1.423363627
17,0.459302326,8,8.4,4.8,293,0.02,5.22,4.148910475,0.828028274
18,0.465,8.41,,,298,0.2,3.36,8.235493191,3.715606581
18,0.465,8.41,,,298,0.2,3.36,8.102525873,3.16078898
18,0.465,8.41,,,298,0.2,3.36,7.506701664,3.044198576
18,0.465,8.41,,,298,0.2,3.36,6.738152495,2.760098544
18,0.465,8.41,,,298,0.2,3.36,6.375365477,1.961586628
18,0.465,8.41,,,298,0.2,3.36,5.731073335,1.284178576
18,0.465,8.41,,,298,0.2,3.36,8.17120381,3.474444746
18,0.465,8.41,,,318,0.2,3.36,7.551502109,3.699255437
18,0.465,8.41,,,318,0.2,3.36,7.087907818,3.52731595
18,0.465,8.41,,,318,0.2,3.36,6.880384082,3.224865849
18,0.465,8.41,,,318,0.2,3.36,6.613786822,2.789156958
18,0.465,8.41,,,318,0.2,3.36,6.047844881,2.07782774
18,0.465,8.41,,,318,0.2,3.36,4.295923936,1.53492986
19,0.494,4.54,36.8,,298,0.02,4.57,6.67645354,5.164895682
19,0.494,4.54,36.8,,298,0.02,4.57,6.579667792,5.055644351
19,0.494,4.54,36.8,,298,0.02,4.57,6.492542819,4.936242871
19,0.494,4.54,36.8,,298,0.02,4.57,6.326686002,4.620825992
19,0.494,4.54,36.8,,298,0.02,4.57,5.865901324,4.208738157
19,0.494,4.54,36.8,,298,0.02,4.57,5.398615088,3.479065419
20,0.494186047,4.83,21,4.74,298,0.0111,4.57,5.206202078,4.287715955
20,0.494186047,4.83,21,4.74,298,0.0111,4.57,4.969118614,4.065602093
20,0.494186047,4.83,21,4.74,298,0.0111,4.57,4.627909673,3.790984677
20,0.494186047,4.83,21,4.74,298,0.0111,4.57,4.105943698,3.417726684
20,0.494186047,4.83,21,4.74,298,0.0111,4.57,3.883623531,3.104586678
20,0.494186047,4.83,21,4.74,298,0.0111,4.57,3.446807893,2.708050201
20,0.494186047,4.83,21,4.74,298,0.0111,4.57,2.844909384,2.014903021
20,0.494186047,4.83,21,4.74,298,0.0111,4.57,2.415913778,1.386294361
21,0.503488372,4.6,33.3,14.2,298,0.08,4.57,5.859595772,4.18880893
21,0.503488372,4.6,33.3,14.2,298,0.08,4.57,5.111827535,3.909443682
21,0.503488372,4.6,33.3,14.2,298,0.08,4.57,4.357177947,3.222301949
21,0.503488372,4.6,33.3,14.2,298,0.08,4.57,3.991937089,2.435042159
21,0.503488372,4.6,33.3,14.2,298,0.08,4.57,2.292554959,1.932955166
22,0.53,7.61,11.08,4.92,298,0.1,4.57,5.649326289,4.395682961
22,0.53,7.61,11.08,4.92,298,0.1,4.57,5.642616039,4.40060302
22,0.53,7.61,11.08,4.92,298,0.1,4.57,5.372032404,4.138361448
22,0.53,7.61,11.08,4.92,298,0.1,4.57,5.349485653,4.117409835
22,0.53,7.61,11.08,4.92,298,0.1,4.57,5.11679549,3.854393893
22,0.53,7.61,11.08,4.92,298,0.1,4.57,5.107762005,3.858622229
22,0.53,7.61,11.08,4.92,298,0.1,4.57,4.670021158,3.449987546
22,0.53,7.61,11.08,4.92,298,0.1,4.57,4.696837375,3.430756184
22,0.53,7.61,11.08,4.92,298,0.1,4.57,3.968403339,2.714694744
23,0.55,5.34,17.1,9.7,298,0.018593285,4.57,2.274070581,-1.87687635
23,0.55,5.34,17.1,9.7,298,0.018593285,4.57,2.241451903,-1.772883766
23,0.55,5.34,17.1,9.7,298,0.002726373,4.57,2.687511621,-1.028248649
23,0.55,5.34,17.1,9.7,298,0.002726373,4.57,2.673711561,-0.840479096
23,0.55,5.34,17.1,9.7,298,0.009000481,4.57,3.546060171,-0.401994354
23,0.55,5.34,17.1,9.7,298,0.009000481,4.57,3.481466824,-0.094334617
23,0.55,5.34,17.1,9.7,298,0.011332275,4.57,4.415505803,0.238795956
23,0.55,5.34,17.1,9.7,298,0.011332275,4.57,4.389333555,0.377267191
23,0.55,5.34,17.1,9.7,298,0.009619915,4.57,6.370454751,2.345245579
23,0.55,5.34,17.1,9.7,298,0.009619915,4.57,6.352928149,2.441576651
23,0.55,5.34,17.1,9.7,298,0.019239798,4.57,6.976942098,2.684922949
23,0.55,5.34,17.1,9.7,298,0.019239798,4.57,6.967423595,2.720290137
23,0.55,5.34,17.1,9.7,298,0.004811002,4.57,5.154366687,1.733675497
23,0.55,5.34,17.1,9.7,298,0.004811002,4.57,5.136737676,1.83903595
24,0.55,7,10.4,11.2,298,0.1,3.36,9.648883648,3.872344107
24,0.55,7,10.4,11.2,298,0.1,3.36,9.5314328,3.76698336
24,0.55,7,10.4,11.2,298,0.1,3.36,9.384042387,3.631181483
24,0.55,7,10.4,11.2,298,0.1,3.36,9.257225866,3.495048922
24,0.55,7,10.4,11.2,298,0.1,3.36,9.082137614,3.385051062
24,0.55,7,10.4,11.2,298,0.1,3.36,8.920148486,3.261437106
24,0.55,7,10.4,11.2,298,0.1,3.36,8.647048837,2.991146776
24,0.55,7,10.4,11.2,298,0.1,3.36,8.016489501,2.396439668
24,0.55,7,10.4,11.2,298,0.1,3.36,7.229077619,1.703292488
24,0.55,7,10.4,11.2,298,0.1,3.36,6.650899813,1.415610415
24,0.55,7,10.4,11.2,298,0.01818,4.57,6.322141452,2.901042401
24,0.55,7,10.4,11.2,298,0.01818,4.57,6.216162889,2.785295153
24,0.55,7,10.4,11.2,298,0.01818,4.57,6.086524696,2.711909411
24,0.55,7,10.4,11.2,298,0.01818,4.57,5.892996888,2.570541385
24,0.55,7,10.4,11.2,298,0.01818,4.57,5.759160416,2.451728974
24,0.55,7,10.4,11.2,298,0.01818,4.57,5.541898638,2.357745401
24,0.55,7,10.4,11.2,298,0.01818,4.57,5.287691107,2.086044693
24,0.55,7,10.4,11.2,298,0.01818,4.57,4.980258557,1.853058373
24,0.55,7,10.4,11.2,298,0.01818,4.57,4.394597292,1.549178224
24,0.55,7,10.4,11.2,298,0.01818,4.57,3.432696049,0.831821575
24,0.55,7,10.4,11.2,298,0.0025,5.18,4.555149765,2.256048887
24,0.55,7,10.4,11.2,298,0.0025,5.18,4.454289155,2.189640334
24,0.55,7,10.4,11.2,298,0.0025,5.18,4.319366349,1.985597786
24,0.55,7,10.4,11.2,298,0.0025,5.18,4.160623755,1.86632567
24,0.55,7,10.4,11.2,298,0.0025,5.18,3.931619729,1.654965618
24,0.55,7,10.4,11.2,298,0.0025,5.18,3.765527946,1.573935079
24,0.55,7,10.4,11.2,298,0.0025,5.18,3.587759933,1.412595436
24,0.55,7,10.4,11.2,298,0.0025,5.18,3.184905305,1.125319131
24,0.55,7,10.4,11.2,298,0.0025,5.18,2.784177561,0.815099291
24,0.55,7,10.4,11.2,298,0.0025,5.18,2.418766847,0.495915011
25,0.56,7.3,20.3,22.8,293,0.02,4.57,5.776567428,2.798424674
25,0.56,7.3,20.3,22.8,293,0.02,4.57,5.241155062,2.087577489
25,0.56,7.3,20.3,22.8,293,0.02,4.57,2.894392663,-0.065976274
26,0.581,3.55,53,,298,0.2,3.36,7.916625192,3.850234832
26,0.581,3.55,53,,298,0.2,3.36,7.441261737,3.718899315
26,0.581,3.55,53,,298,0.2,3.36,7.12913728,3.504490762
26,0.581,3.55,53,,298,0.2,3.36,6.883155162,3.172354285
26,0.581,3.55,53,,298,0.2,3.36,6.327400926,2.811340575
26,0.581,3.55,53,,298,0.2,3.36,5.825705079,1.978432655
26,0.581,3.55,53,,298,0.2,3.36,5.442850517,1.285285474
26,0.581,3.55,53,,318,0.2,3.36,7.549609165,3.919562512
26,0.581,3.55,53,,318,0.2,3.36,7.342843912,3.737748187
26,0.581,3.55,53,,318,0.2,3.36,6.923431758,3.543772754
26,0.581,3.55,53,,318,0.2,3.36,6.69034526,3.254764068
26,0.581,3.55,53,,318,0.2,3.36,6.569621663,2.798378294
26,0.581,3.55,53,,318,0.2,3.36,5.488937726,2.181004857
26,0.581,3.55,53,,318,0.2,3.36,5.270432163,1.432796195
27,0.62,,10.1,,298,0.005,5.18,-2.850766503,-1.013569273
27,0.62,,10.1,,298,0.005,5.18,-2.575707014,-1.041828445
27,0.62,,10.1,,298,0.005,5.18,-2.456902453,-1.056263396
27,0.62,,10.1,,298,0.005,5.18,-2.302585093,-0.451821137
27,0.62,,10.1,,298,0.005,5.18,-0.715597309,-0.513467277
27,0.62,,10.1,,298,0.005,5.18,-1.321630848,-0.474308401
27,0.62,,10.1,,298,0.005,5.18,-1.185478222,-0.473959283
27,0.62,,10.1,,298,0.005,5.18,-0.465533635,-0.115620526
27,0.62,,10.1,,298,0.005,5.18,-0.244239515,-0.143244123
27,0.62,,10.1,,298,0.005,5.18,-0.195771605,-0.148811194
27,0.62,,10.1,,298,0.005,5.18,1.353564536,1.072045256
27,0.62,,10.1,,298,0.005,5.18,1.486886024,1.000301348
27,0.62,,10.1,,298,0.005,5.18,1.59334918,0.923009669
27,0.62,,10.1,,298,0.005,5.18,1.65851375,0.839239781
27,0.62,,10.1,,298,0.005,5.18,1.916554898,1.713899148
27,0.62,,10.1,,298,0.005,5.18,1.994659496,1.676781483
27,0.62,,10.1,,298,0.005,5.18,2.045910611,1.638232811
27,0.62,,10.1,,298,0.005,5.18,2.108162614,1.598138352
27,0.62,,10.1,,298,0.005,5.18,2.228098588,2.113951525
27,0.62,,10.1,,298,0.005,5.18,2.710121388,2.05236226
27,0.62,,10.1,,298,0.005,5.18,2.970573427,2.032359735
28,0.622093023,8.24,14,,298,0.01,3.36,8.843023287,5.724835953
28,0.622093023,8.24,14,,298,0.01,3.36,8.693328989,5.715533494
28,0.622093023,8.24,14,,298,0.01,3.36,8.574763743,5.596581377
28,0.622093023,8.24,14,,298,0.01,3.36,8.444213813,5.45550315
28,0.622093023,8.24,14,,298,0.01,3.36,8.275350903,5.333164105
28,0.622093023,8.24,14,,298,0.01,3.36,8.094927745,5.153578259
28,0.622093023,8.24,14,,298,0.01,3.36,7.895510492,4.871346406
28,0.622093023,8.24,14,,298,0.01,3.36,7.553496337,4.706266322
28,0.622093023,8.24,14,,298,0.01,3.36,7.24949931,4.063129055
28,0.622093023,8.24,14,,298,0.01,3.36,6.529710766,3.527612682
29,0.63372093,8.33,19,,298,0.01,3.36,8.74477488,5.917901965
29,0.63372093,8.33,19,,298,0.01,3.36,8.609134065,5.867010403
29,0.63372093,8.33,19,,298,0.01,3.36,8.475600066,5.783279495
29,0.63372093,8.33,19,,298,0.01,3.36,8.330405677,5.662763586
29,0.63372093,8.33,19,,298,0.01,3.36,8.160518247,5.520041511
29,0.63372093,8.33,19,,298,0.01,3.36,7.968631086,5.366837326
29,0.63372093,8.33,19,,298,0.01,3.36,7.786302606,5.085755754
29,0.63372093,8.33,19,,298,0.01,3.36,7.46204261,4.838193571
29,0.63372093,8.33,19,,298,0.01,3.36,7.123431015,4.356890861
29,0.63372093,8.33,19,,298,0.01,3.36,6.445084697,3.716854479
30,0.695,6.76,46.39,,298,0.025,4.57,5.302407491,3.18505427
30,0.695,6.76,46.39,,298,0.025,4.57,5.091339322,3.065817881
30,0.695,6.76,46.39,,298,0.025,4.57,4.627100939,2.785387715
30,0.695,6.76,46.39,,298,0.025,4.57,4.427912586,2.491907089
30,0.695,6.76,46.39,,298,0.025,4.57,4.313862884,2.332570988
30,0.695,6.76,46.39,,298,0.025,4.57,3.563806474,1.821755069
31,0.75,4.82,13.99,,298,0.025389747,4.57,5.790793768,2.861104989
31,0.75,4.82,13.99,,298,0.025389747,4.57,5.662539558,2.783312776
31,0.75,4.82,13.99,,298,0.025389747,4.57,5.527503425,2.506531309
31,0.75,4.82,13.99,,298,0.025389747,4.57,5.298317367,2.529096463
31,0.75,4.82,13.99,,298,0.025389747,4.57,5.050244393,2.295743563
31,0.75,4.82,13.99,,298,0.025389747,4.57,4.772224117,2.010512235
31,0.75,4.82,13.99,,298,0.025389747,4.57,4.317488114,1.652185763
32,0.755813953,8.45,7.7,,298,0.01,3.36,8.796505334,5.834354493
32,0.755813953,8.45,7.7,,298,0.01,3.36,8.652108626,5.791975265
32,0.755813953,8.45,7.7,,298,0.01,3.36,8.517193191,5.701415676
32,0.755813953,8.45,7.7,,298,0.01,3.36,8.386833905,5.553564053
32,0.755813953,8.45,7.7,,298,0.01,3.36,8.227028039,5.424731491
32,0.755813953,8.45,7.7,,298,0.01,3.36,8.012515298,5.298317367
32,0.755813953,8.45,7.7,,298,0.01,3.36,7.824046011,4.993948169
32,0.755813953,8.45,7.7,,298,0.01,3.36,7.493484273,4.792208933
32,0.755813953,8.45,7.7,,298,0.01,3.36,7.222857947,4.156220166
32,0.755813953,8.45,7.7,,298,0.01,3.36,6.50234017,3.527612682
33,0.756976744,5.09,25,12.93,298,0.02,4.57,6.050440752,3.362453088
33,0.756976744,5.09,25,12.93,298,0.02,4.57,5.855358414,3.121664239
33,0.756976744,5.09,25,12.93,298,0.02,4.57,5.642261618,3.045540966
33,0.756976744,5.09,25,12.93,298,0.02,4.57,5.251225759,2.744587831
33,0.756976744,5.09,25,12.93,298,0.02,4.57,4.435567402,1.781406057
33,0.756976744,5.09,25,12.93,298,0.02,4.57,3.610917913,1.127491248
33,0.756976744,5.09,25,12.93,298,0.02,4.57,2.917770732,0.354312155
34,0.761627907,8.2,25.7,14.9,293,0.02,4.18,4.865303379,3.539177902
34,0.761627907,8.2,25.7,14.9,293,0.02,4.18,4.655335081,3.388943543
34,0.761627907,8.2,25.7,14.9,293,0.02,4.18,4.376988577,3.128540883
34,0.761627907,8.2,25.7,14.9,293,0.02,4.18,3.894503959,2.6917922
34,0.761627907,8.2,25.7,14.9,293,0.02,4.18,3.073800156,1.966322397
34,0.761627907,8.2,25.7,14.9,293,0.02,4.18,2.548002647,1.518966154
34,0.761627907,8.2,25.7,14.9,293,0.02,5.22,6.339980749,3.025213626
34,0.761627907,8.2,25.7,14.9,293,0.02,5.22,6.073156797,2.834118182
34,0.761627907,8.2,25.7,14.9,293,0.02,5.22,5.834765488,2.649843026
34,0.761627907,8.2,25.7,14.9,293,0.02,5.22,5.366168403,2.259050255
34,0.761627907,8.2,25.7,14.9,293,0.02,5.22,4.633017816,1.664690427
34,0.761627907,8.2,25.7,14.9,293,0.02,5.22,3.867697485,0.943970955
35,0.766,6.19,55.5,,298,0.2,3.36,7.740012015,3.872121421
35,0.766,6.19,55.5,,298,0.2,3.36,7.557681757,3.690310929
35,0.766,6.19,55.5,,298,0.2,3.36,7.436499403,3.440097531
35,0.766,6.19,55.5,,298,0.2,3.36,7.307135243,3.100002195
35,0.766,6.19,55.5,,298,0.2,3.36,6.730898762,2.739057792
35,0.766,6.19,55.5,,298,0.2,3.36,6.531897516,1.867948608
35,0.766,6.19,55.5,,298,0.2,3.36,5.445011746,1.303021442
35,0.766,6.19,55.5,,318,0.2,3.36,7.943640738,3.577375104
35,0.766,6.19,55.5,,318,0.2,3.36,7.163094929,3.51029391
35,0.766,6.19,55.5,,318,0.2,3.36,6.702083209,3.253308169
35,0.766,6.19,55.5,,318,0.2,3.36,6.386374141,2.842511162
35,0.766,6.19,55.5,,318,0.2,3.36,6.069351086,2.062791191
35,0.766,6.19,55.5,,318,0.2,3.36,5.14633101,1.439716638
36,0.794767442,8.45,17.7,11.08,298,0.02,4.57,6.234018492,3.197268049
36,0.794767442,8.45,17.7,11.08,298,0.02,4.57,6.053029903,2.931982774
36,0.794767442,8.45,17.7,11.08,298,0.02,4.57,5.591732971,2.454361528
36,0.794767442,8.45,17.7,11.08,298,0.02,4.57,4.527208645,1.698034699
36,0.794767442,8.45,17.7,11.08,298,0.02,4.57,3.321432413,1.303374602
36,0.794767442,8.45,17.7,11.08,298,0.02,4.57,2.708050201,0.577455706
37,0.81,8.33,35,,298,0.05,5.18,5.372496765,3.250072121
37,0.81,8.33,35,,298,0.05,5.18,4.951592753,2.841584094
37,0.81,8.33,35,,298,0.05,5.18,4.69043003,2.624103215
37,0.81,8.33,35,,298,0.05,5.18,4.54648119,2.315491447
37,0.81,8.33,35,,298,0.05,5.18,4.141546164,1.913859101
37,0.81,8.33,35,,298,0.05,5.18,3.484312288,1.209139434
38,0.825581395,7.24,19.99,,303,0.1,5.18,4.51457348,4.613174069
38,0.825581395,7.24,19.99,,303,0.1,5.18,3.913595768,4.246520436
38,0.825581395,7.24,19.99,,303,0.1,5.18,1.735065653,2.252491079
38,0.825581395,7.24,19.99,,303,0.1,5.18,4.740593163,5.2970005
38,0.825581395,7.24,19.99,,303,0.1,5.18,4.305059194,4.994719981
38,0.825581395,7.24,19.99,,303,0.1,5.18,4.194924168,4.583892411
38,0.825581395,7.24,19.99,,303,0.1,5.18,3.76787315,4.229519187
38,0.825581395,7.24,19.99,,303,0.1,5.18,2.733808912,3.634811261
38,0.825581395,7.24,19.99,,303,0.1,5.18,1.963778133,2.899105728
38,0.825581395,7.24,19.99,,303,0.1,5.18,4.630415816,5.285072033
38,0.825581395,7.24,19.99,,303,0.1,5.18,4.208367947,4.978547269
38,0.825581395,7.24,19.99,,303,0.1,5.18,4.109948846,4.559401602
38,0.825581395,7.24,19.99,,303,0.1,5.18,3.634536778,4.217957976
38,0.825581395,7.24,19.99,,303,0.1,5.18,2.636826271,3.613759817
38,0.825581395,7.24,19.99,,303,0.1,5.18,0.537720687,1.84305443
38,0.825581395,7.24,19.99,,303,0.1,5.18,3.702954928,5.289064188
38,0.825581395,7.24,19.99,,303,0.1,5.18,3.33246162,4.994719981
38,0.825581395,7.24,19.99,,303,0.1,5.18,2.906534873,4.599893288
38,0.825581395,7.24,19.99,,303,0.1,5.18,2.509054399,4.240948264
38,0.825581395,7.24,19.99,,303,0.1,5.18,2.301584593,3.675634627
38,0.825581395,7.24,19.99,,303,0.1,5.18,0.829773778,2.941666719
39,0.83,6.68,11.1,9.18,297,0.1,5.18,4.522874943,5.001912696
39,0.83,6.68,11.1,9.18,297,0.1,5.18,4.485259889,4.598699295
39,0.83,6.68,11.1,9.18,297,0.1,5.18,4.254193263,4.247855037
39,0.83,6.68,11.1,9.18,297,0.1,5.18,4.38949865,3.901400789
39,0.83,6.68,11.1,9.18,297,0.1,5.18,4.147885329,3.391551005
39,0.83,6.68,11.1,9.18,297,0.1,5.18,4.611152258,5.004544785
39,0.83,6.68,11.1,9.18,297,0.1,5.18,4.623010104,4.59810126
39,0.83,6.68,11.1,9.18,297,0.1,5.18,4.608165695,4.23541145
39,0.83,6.68,11.1,9.18,297,0.1,5.18,4.695924549,3.890280337
39,0.83,6.68,11.1,9.18,297,0.1,5.18,4.570578741,3.361090409
39,0.83,6.68,11.1,9.18,297,0.1,5.18,4.793308128,4.99896007
39,0.83,6.68,11.1,9.18,297,0.1,5.18,4.685828089,4.595666166
39,0.83,6.68,11.1,9.18,297,0.1,5.18,4.553876892,4.229427459
39,0.83,6.68,11.1,9.18,297,0.1,5.18,4.415219602,3.899328774
39,0.83,6.68,11.1,9.18,297,0.1,5.18,3.246490992,3.392960216
40,0.86,,20,,283,0.16,3.36,8.796883414,2.757297404
40,0.86,,20,,283,0.16,3.36,7.938124415,2.391904637
40,0.86,,20,,283,0.16,3.36,7.328896866,1.495597096
40,0.86,,20,,283,0.16,3.36,6.380630882,0.570753532
40,0.86,,20,,283,0.16,3.36,8.601626247,3.140092324
40,0.86,,20,,283,0.16,3.36,8.563313127,3.195443418
40,0.86,,20,,283,0.16,3.36,8.526152933,3.244878798
40,0.86,,20,,283,0.16,3.36,8.447457187,3.336975255
40,0.86,,20,,283,0.16,3.36,8.461955285,3.320341566
40,0.86,,20,,283,0.16,3.36,8.374615288,3.398313226
40,0.86,,20,,283,0.16,3.36,8.339429233,3.433867843
40,0.86,,20,,283,0.16,3.36,8.302935048,3.465792151
40,0.86,,20,,283,0.16,3.36,8.282432421,3.48257151
40,0.86,,20,,283,0.16,3.36,7.420459138,2.88
40,0.86,,20,,283,0.16,3.36,7.564860688,2.803590657
40,0.86,,20,,283,0.16,3.36,7.690880266,2.699970985
40,0.86,,20,,283,0.16,3.36,7.739533328,2.64659315
40,0.86,,20,,283,0.16,3.36,7.70332366,2.699950823
40,0.86,,20,,283,0.16,3.36,6.668482346,2.217081669
40,0.86,,20,,283,0.16,3.36,6.798163602,2.129076587
40,0.86,,20,,283,0.16,3.36,6.95301541,2.02234195
40,0.86,,20,,283,0.16,3.36,7.086988739,1.867686025
40,0.86,,20,,283,0.16,3.36,7.153364575,1.855547709
40,0.86,,20,,283,0.16,3.36,5.717027701,1.309197311
40,0.86,,20,,283,0.16,3.36,6.05608119,1.048160745
40,0.86,,20,,283,0.16,3.36,5.571773732,1.329962077
40,0.86,,20,,283,0.16,3.36,3.317815773,-1.463607464
40,0.86,,20,,283,0.16,3.36,4.927253685,0.328152005
40,0.86,,20,,283,0.16,3.36,5.454038242,0.075571187
40,0.86,,20,,283,0.16,3.36,7.739489799,2.641105231
41,0.869186047,8.13,35,22.61,298,0.02,4.57,6.218002331,3.216496998
41,0.869186047,8.13,35,22.61,298,0.02,4.57,6.014204034,2.97533567
41,0.869186047,8.13,35,22.61,298,0.02,4.57,5.884714177,2.832236396
41,0.869186047,8.13,35,22.61,298,0.02,4.57,5.462983988,2.56986801
41,0.869186047,8.13,35,22.61,298,0.02,4.57,4.379523504,1.781406057
41,0.869186047,8.13,35,22.61,298,0.02,4.57,3.78191432,1.047459335
41,0.869186047,8.13,35,22.61,298,0.02,4.57,3.034952987,0.434311683
42,0.9,4.55,49.6,11.73,298,0.02,4.57,6.175659348,3.258461856
42,0.9,4.55,49.6,11.73,298,0.02,4.57,5.950121584,3.039873553
42,0.9,4.55,49.6,11.73,298,0.02,4.57,5.407620101,2.622978759
42,0.9,4.55,49.6,11.73,298,0.02,4.57,4.379523504,1.781406057
42,0.9,4.55,49.6,11.73,298,0.02,4.57,3.440418095,1.27057482
42,0.9,4.55,49.6,11.73,298,0.02,4.57,3.034952987,0.508442787
43,0.901162791,7.46,6.62,,298,0.1,5.18,4.582441843,3.39984647
43,0.901162791,7.46,6.62,,298,0.1,5.18,4.223300503,3.116187292
43,0.901162791,7.46,6.62,,298,0.1,5.18,3.854203196,2.713661097
43,0.901162791,7.46,6.62,,298,0.1,5.18,3.23004917,2.029384325
43,0.901162791,7.46,6.62,,298,0.1,5.18,2.467913073,1.414614532
44,0.93,7,22,19.4,298,0.012,4.57,3.995659862,4.806607173
44,0.93,7,22,19.4,298,0.012,4.57,3.966736544,4.949661626
44,0.93,7,22,19.4,298,0.012,4.57,3.620228488,4.725673323
44,0.93,7,22,19.4,298,0.012,4.57,3.439844212,4.578125811
44,0.93,7,22,19.4,298,0.012,4.57,3.293047795,4.40136473
44,0.93,7,22,19.4,298,0.012,4.57,3.129191789,4.175141278
44,0.93,7,22,19.4,298,0.012,4.57,2.907562044,3.898402425
44,0.93,7,22,19.4,298,0.012,4.57,2.489296998,3.522344205
44,0.93,7,22,19.4,298,0.012,4.57,1.94943251,2.776982555
44,0.93,7,22,19.4,298,0.012,5.22,2.614259533,2.042632954
44,0.93,7,22,19.4,298,0.012,5.22,2.559062835,1.899982763
44,0.93,7,22,19.4,298,0.012,5.22,2.375891315,1.788626182
44,0.93,7,22,19.4,298,0.012,5.22,2.248530094,1.618078277
44,0.93,7,22,19.4,298,0.012,5.22,2.062346246,1.419366838
44,0.93,7,22,19.4,298,0.012,5.22,1.958022215,1.105768786
44,0.93,7,22,19.4,298,0.012,5.22,1.52618673,0.705075998
44,0.93,7,22,19.4,298,0.012,5.22,1.198125744,0.082648356
45,0.947,4.74,39.2,,298,0.02,4.57,6.449680221,5.197190653
45,0.947,4.74,39.2,,298,0.02,4.57,6.391414475,5.08563701
45,0.947,4.74,39.2,,298,0.02,4.57,6.352629396,4.956697805
45,0.947,4.74,39.2,,298,0.02,4.57,6.117436187,4.671000997
45,0.947,4.74,39.2,,298,0.02,4.57,5.932775551,4.255787163
45,0.947,4.74,39.2,,298,0.02,4.57,5.554895694,3.52025664
46,0.953488372,7.2,11.7,9.3,298,0.02,4.57,5.724891438,3.542714305
46,0.953488372,7.2,11.7,9.3,298,0.02,4.57,5.487283466,3.33322185
46,0.953488372,7.2,11.7,9.3,298,0.02,4.57,5.251225759,3.235367093
46,0.953488372,7.2,11.7,9.3,298,0.02,4.57,4.827513417,2.944565287
46,0.953488372,7.2,11.7,9.3,298,0.02,4.57,3.671224519,2.0888967
46,0.953488372,7.2,11.7,9.3,298,0.02,4.57,2.980618636,1.424745547
46,0.953488372,7.2,11.7,9.3,298,0.02,4.57,2.091864062,0.759777263
47,0.988372093,4,,8.6,298,0.025,3.36,8.646746683,6.514416351
47,0.988372093,4,,8.6,298,0.025,3.36,8.192819472,6.622470331
47,0.988372093,4,,8.6,298,0.025,3.36,7.879405029,6.275703198
47,0.988372093,4,,8.6,298,0.025,3.36,7.295599378,5.923185706
47,0.988372093,4,,8.6,298,0.025,3.36,7.001791921,5.545958389
47,0.988372093,4,,8.6,298,0.025,3.36,7.108325969,5.517452896
47,0.988372093,4,,8.6,298,0.025,3.36,6.514564532,5.121580188
47,0.988372093,4,,8.6,298,0.025,3.36,6.112353864,4.984291319
47,0.988372093,4,,8.6,298,0.025,3.36,5.708438286,4.611152258
47,0.988372093,4,,8.6,298,0.025,3.36,5.425830687,4.634728988
47,0.988372093,4,,8.6,298,0.025,3.36,5.022563865,4.241326753
48,0.988372093,8.09,24.4,12.01,298,0.02,4.57,5.815025653,3.504181075
48,0.988372093,8.09,24.4,12.01,298,0.02,4.57,5.515845179,3.31612594
48,0.988372093,8.09,24.4,12.01,298,0.02,4.57,5.338018733,3.206928742
48,0.988372093,8.09,24.4,12.01,298,0.02,4.57,4.932313327,2.8932731
48,0.988372093,8.09,24.4,12.01,298,0.02,4.57,4.036008985,1.963736034
48,0.988372093,8.09,24.4,12.01,298,0.02,4.57,2.541601993,0.641959144
48,0.988372093,8.09,24.4,12.01,298,0.02,4.57,3.280911216,1.303374602
49,1,4.2,15,,293,0.005,5.18,-0.077529203,0.87626288
49,1,4.2,15,,293,0.005,5.18,-0.158175435,0.897596315
49,1,4.2,15,,293,0.005,5.18,-0.285151943,0.409618936
49,1,4.2,15,,293,0.005,5.18,-0.70623242,-0.147682825
49,1,4.2,15,,293,0.005,5.18,-0.737099068,-0.1186939
49,1,4.2,15,,293,0.005,5.18,-0.899433615,-0.062012541
49,1,4.2,15,,293,0.005,5.18,-1.302688777,-0.480866578
49,1,4.2,15,,293,0.005,5.18,-1.5847453,-1.221066743
49,1,4.2,15,,293,0.005,5.18,-1.831956659,-1.136188619
49,1,4.2,15,,293,0.005,5.18,1.579576464,1.609581322
49,1,4.2,15,,293,0.005,5.18,1.427820108,1.640878128
49,1,4.2,15,,293,0.005,5.18,0.829599304,0.927008135
49,1,4.2,15,,293,0.005,5.18,0.028976108,0.313114704
50,1,5.6,,109,293,0.1667,3.36,8.523850979,4.49504947
50,1,5.6,,109,293,0.1667,3.36,8.222123901,4.214972436
50,1,5.6,,109,293,0.1667,3.36,7.778211475,3.817054967
50,1,5.6,,109,293,0.1667,3.36,6.816735881,3.18938522
50,1,5.6,,109,293,0.1667,3.36,4.945207489,1.63475472
51,1,5.96,27,18.85,298,0.125,3.36,4.115779843,-0.218404797
51,1,5.96,27,18.85,298,0.125,3.36,4.862135286,-0.060174723
51,1,5.96,27,18.85,298,0.125,3.36,5.999680702,0.322880283
51,1,5.96,27,18.85,298,0.125,3.36,6.560323202,1.617921822
51,1,5.96,27,18.85,298,0.125,3.36,7.529245328,2.16439142
51,1,5.96,27,18.85,298,0.125,3.36,8.985870942,3.926000858
51,1,5.96,27,18.85,298,0.125,3.36,9.181199882,4.181787513
52,1,6,27,,298,0.1,3.36,4.613138356,-0.011060947
52,1,6,27,,298,0.1,3.36,6.090630919,0.819427346
52,1,6,27,,298,0.1,3.36,4.139955073,-0.226273444
52,1,6,27,,298,0.1,3.36,6.600958343,1.785322127
52,1,6,27,,298,0.1,3.36,7.644919345,2.256467853
52,1,6,27,,298,0.1,3.36,9.103734637,4.232495062
52,1,6,27,,298,0.1,3.36,8.952178266,4.047427642
53,1.020348837,8.34,18.2,10.01,298,0.02,4.57,5.646153362,3.583121637
53,1.020348837,8.34,18.2,10.01,298,0.02,4.57,5.525054453,3.31612594
53,1.020348837,8.34,18.2,10.01,298,0.02,4.57,4.863680881,2.91924532
53,1.020348837,8.34,18.2,10.01,298,0.02,4.57,4.056988776,1.963736034
53,1.020348837,8.34,18.2,10.01,298,0.02,4.57,3.321432413,1.303374602
53,1.020348837,8.34,18.2,10.01,298,0.02,4.57,2.451005098,0.577455706
53,1.020348837,8.34,18.2,10.01,298,0.02,4.57,5.18178355,3.258461856
54,1.023255814,8,65.9,39,293,0.02,4.18,4.645964727,3.582270818
54,1.023255814,8,65.9,39,293,0.02,4.18,4.389233205,3.396646433
54,1.023255814,8,65.9,39,293,0.02,4.18,4.059995462,3.143610116
54,1.023255814,8,65.9,39,293,0.02,4.18,3.565849528,2.738102715
54,1.023255814,8,65.9,39,293,0.02,4.18,2.690756659,2.117875712
54,1.023255814,8,65.9,39,293,0.02,4.18,1.928777651,1.592791287
54,1.023255814,8,65.9,39,293,0.02,5.22,6.219012336,3.183943428
54,1.023255814,8,65.9,39,293,0.02,5.22,5.953303917,3.009505289
54,1.023255814,8,65.9,39,293,0.02,5.22,5.663536009,2.789618932
54,1.023255814,8,65.9,39,293,0.02,5.22,5.209242134,2.447491052
54,1.023255814,8,65.9,39,293,0.02,5.22,4.398201366,1.836652143
54,1.023255814,8,65.9,39,293,0.02,5.22,3.644553934,1.187694143
55,1.052325581,6.2,13,24.66,298,0.0111,4.57,5.087596335,4.308110952
55,1.052325581,6.2,13,24.66,298,0.0111,4.57,4.94021283,4.077537444
55,1.052325581,6.2,13,24.66,298,0.0111,4.57,4.533674184,3.808882247
55,1.052325581,6.2,13,24.66,298,0.0111,4.57,3.981549068,3.433987204
55,1.052325581,6.2,13,24.66,298,0.0111,4.57,3.594568775,3.148453361
55,1.052325581,6.2,13,24.66,298,0.0111,4.57,3.005682604,2.772588722
55,1.052325581,6.2,13,24.66,298,0.0111,4.57,2.406945108,2.041220329
55,1.052325581,6.2,13,24.66,298,0.0111,4.57,1.960094784,1.435084525
56,1.06,,34.9,,298,0.005,5.18,-3.189317023,-1.014730805
56,1.06,,34.9,,298,0.005,5.18,-2.712058222,-0.458075058
56,1.06,,34.9,,298,0.005,5.18,-0.882372514,-0.114815855
56,1.06,,34.9,,298,0.005,5.18,1.403593858,1.721607069
56,1.06,,34.9,,298,0.005,5.18,2.11061312,2.088622517
56,1.06,,34.9,,298,0.005,5.18,-0.023985363,1.161826527
57,1.08,6.4,8.3,8,298,0.012,4.57,4.058199116,4.760231631
57,1.08,6.4,8.3,8,298,0.012,4.57,3.962394775,4.664971985
57,1.08,6.4,8.3,8,298,0.012,4.57,3.87446443,4.565736082
57,1.08,6.4,8.3,8,298,0.012,4.57,3.74009287,4.433352557
57,1.08,6.4,8.3,8,298,0.012,4.57,3.6187681,4.297681858
57,1.08,6.4,8.3,8,298,0.012,4.57,3.459821573,4.130908368
57,1.08,6.4,8.3,8,298,0.012,4.57,3.27436351,3.930353157
57,1.08,6.4,8.3,8,298,0.012,4.57,3.153325592,3.594326548
57,1.08,6.4,8.3,8,298,0.012,4.57,2.725687086,3.266653782
57,1.08,6.4,8.3,8,298,0.012,4.57,2.15828738,2.927190818
57,1.08,6.4,8.3,8,278,0.012,5.22,2.372092499,2.397494711
57,1.08,6.4,8.3,8,278,0.012,5.22,2.294895605,2.263963322
57,1.08,6.4,8.3,8,278,0.012,5.22,2.177112569,2.114077035
57,1.08,6.4,8.3,8,278,0.012,5.22,1.977990043,1.952808884
57,1.08,6.4,8.3,8,278,0.012,5.22,1.973733744,1.697916647
57,1.08,6.4,8.3,8,278,0.012,5.22,1.570405981,1.450282074
57,1.08,6.4,8.3,8,278,0.012,5.22,1.318176107,1.036518173
57,1.08,6.4,8.3,8,278,0.012,5.22,0.733665129,0.343370957
57,1.08,6.4,8.3,8,288,0.012,5.22,2.906070114,2.663304707
57,1.08,6.4,8.3,8,288,0.012,5.22,2.771819677,2.551645389
57,1.08,6.4,8.3,8,288,0.012,5.22,2.582577677,2.429043068
57,1.08,6.4,8.3,8,288,0.012,5.22,2.41130496,2.263963322
57,1.08,6.4,8.3,8,288,0.012,5.22,2.279347172,2.043563257
57,1.08,6.4,8.3,8,288,0.012,5.22,1.952232975,1.790289957
57,1.08,6.4,8.3,8,288,0.012,5.22,1.723641215,1.372990405
57,1.08,6.4,8.3,8,288,0.012,5.22,1.434131691,0.624783433
58,1.081395349,7.72,15.5,,298,0.1,5.18,4.800699962,3.820131376
58,1.081395349,7.72,15.5,,298,0.1,5.18,4.72678144,3.629662747
58,1.081395349,7.72,15.5,,298,0.1,5.18,4.451909443,3.411259917
58,1.081395349,7.72,15.5,,298,0.1,5.18,3.994222156,2.707636782
58,1.081395349,7.72,15.5,,298,0.1,5.18,3.285112903,2.014529618
59,1.090697674,6.61,28.2,9.15,298,0.02,4.57,5.694068782,3.559749788
59,1.090697674,6.61,28.2,9.15,298,0.02,4.57,5.487283466,3.337451435
59,1.090697674,6.61,28.2,9.15,298,0.02,4.57,5.226284164,3.24466832
59,1.090697674,6.61,28.2,9.15,298,0.02,4.57,4.789157022,2.944565287
59,1.090697674,6.61,28.2,9.15,298,0.02,4.57,3.728100167,2.117880699
59,1.090697674,6.61,28.2,9.15,298,0.02,4.57,2.980618636,1.424745547
59,1.090697674,6.61,28.2,9.15,298,0.02,4.57,2.219203484,0.702602339
60,1.143604651,5.45,42.8,15.21,298,0.02,4.57,6.033805388,3.378777933
60,1.143604651,5.45,42.8,15.21,298,0.02,4.57,5.793927825,3.157655526
60,1.143604651,5.45,42.8,15.21,298,0.02,4.57,5.658436373,3.034173837
60,1.143604651,5.45,42.8,15.21,298,0.02,4.57,5.268888556,2.729204855
60,1.143604651,5.45,42.8,15.21,298,0.02,4.57,4.364371699,1.820638429
60,1.143604651,5.45,42.8,15.21,298,0.02,4.57,3.701301974,1.088258877
60,1.143604651,5.45,42.8,15.21,298,0.02,4.57,2.850706502,0.354312155
61,1.17,3.56,,4.24,297,0.1,5.18,4.382026635,5.016904932
61,1.17,3.56,,4.24,297,0.1,5.18,4.003690194,4.642211603
61,1.17,3.56,,4.24,297,0.1,5.18,3.139832618,4.190225791
61,1.17,3.56,,4.24,297,0.1,5.18,2.747270914,3.853753857
61,1.17,3.56,,4.24,297,0.1,5.18,1.902107526,3.34292894
61,1.17,3.56,,4.24,297,0.025,5.18,4.75272775,6.387450873
61,1.17,3.56,,4.24,297,0.025,5.18,4.622027303,6.005516356
61,1.17,3.56,,4.24,297,0.025,5.18,4.282206299,5.678303286
61,1.17,3.56,,4.24,297,0.025,5.18,4.046553898,5.188755259
61,1.17,3.56,,4.24,297,0.025,5.18,3.411147713,4.809265465
62,1.207,6.51,46.95,,298,0.025,4.57,4.858513887,3.298522146
62,1.207,6.51,46.95,,298,0.025,4.57,4.677276871,3.200438905
62,1.207,6.51,46.95,,298,0.025,4.57,4.507326901,2.925401007
62,1.207,6.51,46.95,,298,0.025,4.57,4.376968866,2.819478272
62,1.207,6.51,46.95,,298,0.025,4.57,4.233171285,2.629309978
62,1.207,6.51,46.95,,298,0.025,4.57,3.953535322,2.276487494
62,1.207,6.51,46.95,,298,0.025,4.57,3.652884333,1.836780635
63,1.25,7.1,20.2,17.8,293,0.02,4.57,5.283372572,3.105651272
63,1.25,7.1,20.2,17.8,293,0.02,4.57,4.635066436,2.498977476
64,1.284883721,6.1,10.1,26.5,298,0.08,4.57,5.150919419,4.479194179
64,1.284883721,6.1,10.1,26.5,298,0.08,4.57,4.857856229,4.065643259
64,1.284883721,6.1,10.1,26.5,298,0.08,4.57,3.978061651,3.390224061
64,1.284883721,6.1,10.1,26.5,298,0.08,4.57,2.653410964,2.751945867
64,1.284883721,6.1,10.1,26.5,298,0.08,4.57,2.258758589,2.032585755
65,1.3,,38,,283,0.139,3.36,8.668849334,3.099362293
65,1.3,,38,,283,0.139,3.36,7.83443189,2.616892056
65,1.3,,38,,283,0.139,3.36,6.407869595,0.807145285
65,1.3,,38,,283,0.139,3.36,5.668845905,0.212931586
65,1.3,,38,,283,0.139,3.36,5.028475212,0.700122794
65,1.3,,38,,283,0.139,3.36,5.807241183,1.33365806
65,1.3,,38,,283,0.139,3.36,7.432957069,2.938960844
65,1.3,,38,,283,0.139,3.36,8.283165623,3.532807346
65,1.3,,38,,283,0.139,3.36,8.229831068,3.566288002
65,1.3,,38,,283,0.139,3.36,7.357301066,2.983163618
65,1.3,,38,,283,0.139,3.36,7.008776393,2.177599934
65,1.3,,38,,283,0.139,3.36,6.862339415,2.277984976
65,1.3,,38,,283,0.139,3.36,7.743703258,2.714091913
65,1.3,,38,,283,0.139,3.36,8.436850439,3.404661375
65,1.3,,38,,283,0.139,3.36,8.442771324,3.396894806
65,1.3,,38,,283,0.139,3.36,8.409786139,3.430131393
65,1.3,,38,,283,0.139,3.36,8.337061236,3.488738063
65,1.3,,38,,283,0.139,3.36,7.548187102,2.959146087
65,1.3,,38,,283,0.139,3.36,7.502738211,2.812211999
65,1.3,,38,,283,0.139,3.36,7.590043716,2.844182375
65,1.3,,38,,283,0.139,3.36,7.590650083,2.938791483
65,1.3,,38,,283,0.139,3.36,5.627980761,1.485166372
65,1.3,,38,,283,0.139,3.36,6.18146488,1.225421136
65,1.3,,38,,283,0.139,3.36,5.922650231,1.13036932
66,1.3,,38.2,,283,0.1667,3.36,7.595889918,2.930259983
66,1.3,,38.2,,283,0.1667,3.36,7.56755248,2.948179344
66,1.3,,38.2,,283,0.1667,3.36,7.518498633,2.781232507
66,1.3,,38.2,,283,0.1667,3.36,7.501082124,2.789568742
66,1.3,,38.2,,283,0.1667,3.36,7.481104896,2.801977607
66,1.3,,38.2,,283,0.1667,3.36,6.840974245,2.286557332
66,1.3,,38.2,,283,0.1667,3.36,6.882642578,2.272754554
66,1.3,,38.2,,283,0.1667,3.36,5.768633447,1.443194408
66,1.3,,38.2,,283,0.1667,3.36,5.863347044,1.410743042
66,1.3,,38.2,,283,0.1667,3.36,5.050496828,0.749952754
66,1.3,,38.2,,283,0.1667,3.36,4.278054044,0.148764773
66,1.3,,38.2,,283,0.1667,3.36,3.465735903,-0.60531947
67,1.36627907,4.94,19.1,6.5,298,0.02,4.57,4.769836808,3.788283515
67,1.36627907,4.94,19.1,6.5,298,0.02,4.57,4.564348191,3.563123469
67,1.36627907,4.94,19.1,6.5,298,0.02,4.57,4.25561271,3.449120503
67,1.36627907,4.94,19.1,6.5,298,0.02,4.57,3.78191432,3.126887721
67,1.36627907,4.94,19.1,6.5,298,0.02,4.57,2.708050201,2.226103537
67,1.36627907,4.94,19.1,6.5,298,0.02,4.57,1.931521412,1.558270926
67,1.36627907,4.94,19.1,6.5,298,0.02,4.57,0.182321557,0.81381494
68,1.39,6.3,10.4,10.6,293,0.02,4.57,5.028757491,3.200961814
68,1.39,6.3,10.4,10.6,293,0.02,4.57,4.353191147,2.594825649
68,1.39,6.3,10.4,10.6,293,0.02,4.57,1.844852269,0.413595899
69,1.43,6.02,24.7,,298,0.02,4.57,6.4314921,5.184270904
69,1.43,6.02,24.7,,298,0.02,4.57,6.37502482,5.077005886
69,1.43,6.02,24.7,,298,0.02,4.57,6.155919102,4.963904209
69,1.43,6.02,24.7,,298,0.02,4.57,5.906723319,4.67175349
69,1.43,6.02,24.7,,298,0.02,4.57,5.040194096,3.536785408
70,1.49,7.4,17.7,8.6,293,0.3333,3.36,1.979579769,3.462167042
70,1.49,7.4,17.7,8.6,293,0.3333,3.36,1.690427864,3.215341587
70,1.49,7.4,17.7,8.6,293,0.3333,3.36,1.306303735,2.87356464
70,1.49,7.4,17.7,8.6,293,0.3333,3.36,0.700619195,2.179739263
70,1.49,7.4,17.7,8.6,293,0.3333,3.36,-4.017383521,-1.452434164
71,1.498255814,5.78,62.9,12.11,298,0.02,4.57,5.67057034,3.573173946
71,1.498255814,5.78,62.9,12.11,298,0.02,4.57,5.423186349,3.362453088
71,1.498255814,5.78,62.9,12.11,298,0.02,4.57,5.135210029,3.285490938
71,1.498255814,5.78,62.9,12.11,298,0.02,4.57,4.622027303,2.993354449
71,1.498255814,5.78,62.9,12.11,298,0.02,4.57,3.701301974,2.0888967
71,1.498255814,5.78,62.9,12.11,298,0.02,4.57,2.785011242,1.452901055
71,1.498255814,5.78,62.9,12.11,298,0.02,4.57,1.931521412,0.759777263
72,1.534883721,6.94,34,118.15,301,0.05,4.57,4.330803075,3.728998802
72,1.534883721,6.94,34,118.15,301,0.05,4.57,3.768902931,3.42033312
72,1.534883721,6.94,34,118.15,301,0.05,4.57,3.215983647,3.019526922
72,1.534883721,6.94,34,118.15,301,0.05,4.57,1.97255208,2.13345613
72,1.534883721,6.94,34,118.15,301,0.05,4.57,1.411913374,1.423710563
73,1.541,5.46,16.2,9.12,298,0.012716061,4.57,6.142589511,3.333603531
73,1.541,5.46,16.2,9.12,298,0.012716061,4.57,5.937257274,3.199073038
73,1.541,5.46,16.2,9.12,298,0.012716061,4.57,5.778590583,3.052892076
73,1.541,5.46,16.2,9.12,298,0.012716061,4.57,5.580319463,2.924638983
73,1.541,5.46,16.2,9.12,298,0.012716061,4.57,5.340907397,2.674824283
73,1.541,5.46,16.2,9.12,298,0.012716061,4.57,5.106448378,2.465103522
73,1.541,5.46,16.2,9.12,298,0.012716061,4.57,4.785164036,1.771964842
74,1.55,,26.9,20.5,298,0.05,5.18,7.428273775,5.36914715
74,1.55,,26.9,20.5,298,0.05,5.18,7.278559927,5.256587147
74,1.55,,26.9,20.5,298,0.05,5.18,6.908754779,5.096614194
74,1.55,,26.9,20.5,298,0.05,5.18,6.035242169,4.70953921
74,1.55,,26.9,20.5,298,0.05,5.18,5.360352757,4.279028604
74,1.55,,26.9,20.5,298,0.05,5.18,4.776599302,3.604456542
75,1.569767442,7.38,12.5,37.38,294,0.005,4.57,5.516610373,4.448770145
75,1.569767442,7.38,12.5,37.38,294,0.005,4.57,5.187566236,4.226516907
75,1.569767442,7.38,12.5,37.38,294,0.005,4.57,4.831534146,3.80084784
75,1.569767442,7.38,12.5,37.38,294,0.005,4.57,3.997016515,3.17986469
75,1.569767442,7.38,12.5,37.38,294,0.005,4.57,3.635035541,2.853465697
75,1.569767442,7.38,12.5,37.38,294,0.005,4.57,3.250626398,2.548084871
75,1.569767442,7.38,12.5,37.38,294,0.005,4.57,3.042983158,2.306925659
75,1.569767442,7.38,12.5,37.38,294,0.005,4.57,2.702662379,2.068506977
75,1.569767442,7.38,12.5,37.38,294,0.005,4.57,2.26979327,1.754853409
75,1.569767442,7.38,12.5,37.38,294,0.005,4.57,0.190372395,0.602182545
76,1.58,7.38,12.5,37.38,298,0.1905,3.36,5.642682657,1.518922221
76,1.58,7.38,12.5,37.38,298,0.1905,3.36,5.233170661,1.143585654
76,1.58,7.38,12.5,37.38,298,0.1905,3.36,4.934889674,0.898126761
76,1.58,7.38,12.5,37.38,298,0.1905,3.36,4.707639225,0.754430409
76,1.58,7.38,12.5,37.38,298,0.1905,3.36,4.440323844,0.498044289
76,1.58,7.38,12.5,37.38,298,0.1905,3.36,4.042891606,0.184569029
76,1.58,7.38,12.5,37.38,298,0.1905,3.36,3.357712122,-0.49807394
76,1.58,7.38,12.5,37.38,298,0.1905,5.18,2.993444659,1.350537641
76,1.58,7.38,12.5,37.38,298,0.1905,5.18,2.73655991,1.137704788
76,1.58,7.38,12.5,37.38,298,0.1905,5.18,2.489462921,0.988202007
76,1.58,7.38,12.5,37.38,298,0.1905,5.18,2.04931733,0.632813142
76,1.58,7.38,12.5,37.38,298,0.1905,5.18,1.402143104,0.085902429
77,1.597,7.7,52.86,,298,0.025,4.57,3.625843803,3.274003957
77,1.597,7.7,52.86,,298,0.025,4.57,3.434161383,3.165483487
77,1.597,7.7,52.86,,298,0.025,4.57,3.352427217,3.016588267
77,1.597,7.7,52.86,,298,0.025,4.57,3.164516783,2.808245399
77,1.597,7.7,52.86,,298,0.025,4.57,2.713177036,2.580852991
77,1.597,7.7,52.86,,298,0.025,4.57,2.320375894,2.266823191
77,1.597,7.7,52.86,,298,0.025,4.57,1.993420583,1.759236278
78,1.627906977,5.14,6.36,,298,0.05,5.18,4.603642019,0.401122359
78,1.627906977,5.14,6.36,,298,0.05,5.18,4.380116061,0.240354588
78,1.627906977,5.14,6.36,,298,0.05,5.18,4.089243239,-0.216416231
78,1.627906977,5.14,6.36,,298,0.05,5.18,3.685054649,-0.505340694
78,1.627906977,5.14,6.36,,298,0.05,5.18,2.988067978,-1.100814712
79,1.63,8.43,,29.6,300,0.04,5.22,4.807898763,3.087362965
79,1.63,8.43,,29.6,300,0.04,5.22,4.058109255,2.407944609
79,1.63,8.43,,29.6,300,0.04,5.22,3.59206289,1.649043167
79,1.63,8.43,,29.6,300,0.04,5.22,2.206668729,0.820968552
79,1.63,8.43,,29.6,300,0.04,5.22,1.336210861,0.105350516
79,1.63,8.43,,29.6,300,0.04,5.22,4.775552419,3.095659053
79,1.63,8.43,,29.6,300,0.04,5.22,4.545226957,2.798098074
79,1.63,8.43,,29.6,300,0.04,5.22,4.220843577,2.381941411
79,1.63,8.43,,29.6,300,0.04,5.22,2.210601374,0.826497307
79,1.63,8.43,,29.6,300,0.04,5.22,1.540452184,0.155292884
79,1.63,8.43,,29.6,300,0.04,5.22,4.720455884,3.030399365
79,1.63,8.43,,29.6,300,0.04,5.22,4.534628616,2.797951842
79,1.63,8.43,,29.6,300,0.04,5.22,3.970714466,2.415583367
79,1.63,8.43,,29.6,300,0.04,5.22,2.813262706,0.740078475
79,1.63,8.43,,29.6,300,0.04,5.22,2.481492495,-0.083164241
80,1.652,7.99,50.32,,298,0.025,4.57,4.205453524,3.616031841
80,1.652,7.99,50.32,,298,0.025,4.57,4.110173619,3.400417077
80,1.652,7.99,50.32,,298,0.025,4.57,3.927100763,3.091683157
80,1.652,7.99,50.32,,298,0.025,4.57,3.681252946,2.905096153
80,1.652,7.99,50.32,,298,0.025,4.57,3.629094948,2.675520122
80,1.652,7.99,50.32,,298,0.025,4.57,3.412084567,2.257064578
80,1.652,7.99,50.32,,298,0.025,4.57,3.357269876,1.936162798
81,1.67,6.4,6.9,11.8,293,0.02,4.57,4.922748509,3.235547495
82,1.68,4.3,50.54,11.32,298,0.070808733,4.57,6.025217938,1.666592993
82,1.68,4.3,50.54,11.32,298,0.070808733,4.57,5.869004215,1.548817041
82,1.68,4.3,50.54,11.32,298,0.070808733,4.57,5.720855563,1.261127885
82,1.68,4.3,50.54,11.32,298,0.070808733,4.57,5.569987809,1.261127885
82,1.68,4.3,50.54,11.32,298,0.070808733,4.57,5.315421257,1.078817661
82,1.68,4.3,50.54,11.32,298,0.070808733,4.57,5.041655811,0.85564861
82,1.68,4.3,50.54,11.32,298,0.070808733,4.57,4.64715822,0.316633894
83,1.7,6.2,27,,293,0.005,5.18,-0.210721031,0.921458715
83,1.7,6.2,27,,293,0.005,5.18,-0.318691259,0.941867558
83,1.7,6.2,27,,293,0.005,5.18,-0.46140074,0.521134979
83,1.7,6.2,27,,293,0.005,5.18,-0.526447005,0.489882479
83,1.7,6.2,27,,293,0.005,5.18,-1.331048887,-0.015666075
83,1.7,6.2,27,,293,0.005,5.18,-1.398366942,-0.015666075
83,1.7,6.2,27,,293,0.005,5.18,-1.47840965,-0.357415361
83,1.7,6.2,27,,293,0.005,5.18,-2.233992302,-1.014194948
83,1.7,6.2,27,,293,0.005,5.18,1.189183987,1.676525482
83,1.7,6.2,27,,293,0.005,5.18,1.142342052,1.681342022
83,1.7,6.2,27,,293,0.005,5.18,1.081940754,1.69079806
83,1.7,6.2,27,,293,0.005,5.18,0.37163252,1.002307204
83,1.7,6.2,27,,293,0.005,5.18,0.318453731,1.011600912
84,1.73,,13,,283,0.1625,3.36,6.936051148,3.922674081
84,1.73,,13,,283,0.1625,3.36,7.004246579,3.915329533
84,1.73,,13,,283,0.1625,3.36,7.19548735,3.887945454
84,1.73,,13,,283,0.1625,3.36,7.374190047,3.8415426
84,1.73,,13,,283,0.1625,3.36,7.564342204,3.801066863
84,1.73,,13,,283,0.1625,3.36,7.827480108,3.7208625
84,1.73,,13,,283,0.1625,3.36,7.967557437,3.662543179
84,1.73,,13,,283,0.1625,3.36,8.150814172,3.566398212
84,1.73,,13,,283,0.1625,3.36,8.257904193,3.497982231
84,1.73,,13,,283,0.1625,3.36,8.724272399,2.918824231
84,1.73,,13,,283,0.1625,3.36,6.073965769,3.241677871
84,1.73,,13,,283,0.1625,3.36,6.36233821,3.20738607
84,1.73,,13,,283,0.1625,3.36,6.68123102,3.156246946
84,1.73,,13,,283,0.1625,3.36,6.978213743,3.08560954
84,1.73,,13,,283,0.1625,3.36,7.151563831,3.021731349
84,1.73,,13,,283,0.1625,3.36,7.29925668,2.95985636
84,1.73,,13,,283,0.1625,3.36,7.844985247,2.527558968
84,1.73,,13,,283,0.1625,3.36,7.244156084,1.741535778
84,1.73,,13,,283,0.1625,3.36,6.726233402,2.214245562
84,1.73,,13,,283,0.1625,3.36,6.491785186,2.304353528
84,1.73,,13,,283,0.1625,3.36,6.399925164,2.363868321
84,1.73,,13,,283,0.1625,3.36,6.091762268,2.452486759
84,1.73,,13,,283,0.1625,3.36,5.347107531,2.562808606
84,1.73,,13,,283,0.1625,3.36,5.742041187,2.524039218
84,1.73,,13,,283,0.1625,3.36,4.498697941,1.66054919
84,1.73,,13,,283,0.1625,3.36,2.766319109,1.035246413
84,1.73,,13,,283,0.1625,3.36,6.290828124,0.836251358
84,1.73,,13,,283,0.1625,3.36,5.513831891,0.378915773
84,1.73,,13,,283,0.1625,3.36,5.327390614,1.509263923
84,1.73,,13,,283,0.1625,3.36,5.629418059,1.423951352
84,1.73,,13,,283,0.1625,3.36,-0.916290732,-0.308293026
85,1.73,,30,19.5,298,0.05,5.18,5.802420445,5.612069517
85,1.73,,30,19.5,298,0.05,5.18,5.542830944,5.461538924
85,1.73,,30,19.5,298,0.05,5.18,5.39997102,5.284455737
85,1.73,,30,19.5,298,0.05,5.18,5.37897527,5.060676104
85,1.73,,30,19.5,298,0.05,5.18,5.000584958,4.777200637
85,1.73,,30,19.5,298,0.05,5.18,3.832979798,3.678513412
86,1.73255814,7.72,16.86,,303,0.1,5.18,4.104788171,4.224604986
86,1.73255814,7.72,16.86,,303,0.1,5.18,2.211992767,2.91061002
86,1.73255814,7.72,16.86,,303,0.1,5.18,1.889218853,2.251123363
86,1.73255814,7.72,16.86,,303,0.1,5.18,4.537478967,5.002854435
86,1.73255814,7.72,16.86,,303,0.1,5.18,3.807164586,4.590392532
86,1.73255814,7.72,16.86,,303,0.1,5.18,3.102049831,4.252965237
86,1.73255814,7.72,16.86,,303,0.1,5.18,2.161067611,3.738975908
86,1.73255814,7.72,16.86,,303,0.1,5.18,1.592759599,3.098875332
86,1.73255814,7.72,16.86,,303,0.1,5.18,1.590520094,2.369626729
86,1.73255814,7.72,16.86,,303,0.1,5.18,4.341187713,5.291560087
86,1.73255814,7.72,16.86,,303,0.1,5.18,4.085502251,5.008947871
86,1.73255814,7.72,16.86,,303,0.1,5.18,3.467668409,4.583158701
86,1.73255814,7.72,16.86,,303,0.1,5.18,2.729909535,4.253383276
86,1.73255814,7.72,16.86,,303,0.1,5.18,1.806138921,3.702173199
86,1.73255814,7.72,16.86,,303,0.1,5.18,0.370735628,2.216754836
86,1.73255814,7.72,16.86,,303,0.1,5.18,4.051859728,5.299644985
86,1.73255814,7.72,16.86,,303,0.1,5.18,3.249439947,5.00990436
86,1.73255814,7.72,16.86,,303,0.1,5.18,2.524263572,4.622347802
86,1.73255814,7.72,16.86,,303,0.1,5.18,1.810842884,4.25394039
86,1.73255814,7.72,16.86,,303,0.1,5.18,1.653339959,3.73932539
86,1.73255814,7.72,16.86,,303,0.1,5.18,0.960613791,3.099317214
87,1.763372093,7.62,32.3,29.01,298,0.02,4.57,5.321056854,3.683520118
87,1.763372093,7.62,32.3,29.01,298,0.02,4.57,5.042779747,3.475191062
87,1.763372093,7.62,32.3,29.01,298,0.02,4.57,4.688591794,3.386841494
87,1.763372093,7.62,32.3,29.01,298,0.02,4.57,4.188138442,3.078877855
87,1.763372093,7.62,32.3,29.01,298,0.02,4.57,3.19047635,2.159845722
87,1.763372093,7.62,32.3,29.01,298,0.02,4.57,2.451005098,1.480308247
87,1.763372093,7.62,32.3,29.01,298,0.02,4.57,1.757857918,0.759777263
88,1.77,4.04,18,4.24,297,0.1,5.18,4.383275854,5.005370124
88,1.77,4.04,18,4.24,297,0.1,5.18,3.996364154,4.603847311
88,1.77,4.04,18,4.24,297,0.1,5.18,3.100092289,4.244012352
88,1.77,4.04,18,4.24,297,0.1,5.18,2.721295428,3.882501502
88,1.77,4.04,18,4.24,297,0.1,5.18,1.887069649,3.379571894
89,1.8,6.6,7,,298,0.01,5.18,2.795963394,4.387221452
89,1.8,6.6,7,,298,0.01,5.18,2.542129413,4.09781077
89,1.8,6.6,7,,298,0.01,5.18,2.097588387,3.704383641
89,1.8,6.6,7,,298,0.01,5.18,1.05337082,3.026503932
89,1.8,6.6,7,,298,0.01,5.18,-0.07612539,2.120263532
90,1.80755814,4.46,30.6,10.95,298,0.02,4.57,5.226284164,3.707119587
90,1.80755814,4.46,30.6,10.95,298,0.02,4.57,4.965637928,3.486160273
90,1.80755814,4.46,30.6,10.95,298,0.02,4.57,4.750135956,3.370648823
90,1.80755814,4.46,30.6,10.95,298,0.02,4.57,4.272490748,3.062348323
90,1.80755814,4.46,30.6,10.95,298,0.02,4.57,3.19047635,2.159845722
90,1.80755814,4.46,30.6,10.95,298,0.02,4.57,2.451005098,1.480308247
90,1.80755814,4.46,30.6,10.95,298,0.02,4.57,1.757857918,0.759777263
91,1.84,7.7,24.7,17.4,293,0.02,4.57,5.497301479,2.996700002
91,1.84,7.7,24.7,17.4,293,0.02,4.57,4.861767051,2.386358996
92,1.94,6.7,51.4,20.2,298,0.01,4.57,5.306575177,4.613276243
92,1.94,6.7,51.4,20.2,298,0.01,4.57,4.852237274,4.474883808
92,1.94,6.7,51.4,20.2,298,0.01,4.57,4.606826813,4.260749847
92,1.94,6.7,51.4,20.2,298,0.01,4.57,4.449359295,3.946329742
92,1.94,6.7,51.4,20.2,298,0.01,4.57,4.164257677,3.485014496
92,1.94,6.7,51.4,20.2,298,0.01,4.57,2.990744857,2.898196619
93,1.96,5.9,14.3,23,298,0.002133824,4.57,2.192330119,0.884919401
93,1.96,5.9,14.3,23,298,0.002133824,4.57,2.061779355,1.077209782
93,1.96,5.9,14.3,23,298,0.002133824,4.57,2.612871717,2.008602679
93,1.96,5.9,14.3,23,298,0.002133824,4.57,2.552679894,2.075498869
93,1.96,5.9,14.3,23,298,0.015253415,4.57,1.438682687,0.300426357
93,1.96,5.9,14.3,23,298,0.015253415,4.57,1.232830633,0.337790422
93,1.96,5.9,14.3,23,298,0.009568653,4.57,3.357406934,2.469849984
93,1.96,5.9,14.3,23,298,0.009568653,4.57,3.16814683,2.512693342
93,1.96,5.9,14.3,23,298,0.011960837,4.57,4.320846077,2.723647275
93,1.96,5.9,14.3,23,298,0.011960837,4.57,4.25278661,2.750454532
93,1.96,5.9,14.3,23,298,0.001428218,4.57,4.833375521,3.556120111
93,1.96,5.9,14.3,23,298,0.001428218,4.57,4.784714445,3.668805927
93,1.96,5.9,14.3,23,298,0.001192859,4.57,5.14679461,4.410776016
93,1.96,5.9,14.3,23,298,0.001192859,4.57,5.175334975,4.358779607
93,1.96,5.9,14.3,23,298,0.007202448,4.57,6.506509281,4.820540115
93,1.96,5.9,14.3,23,298,0.007202448,4.57,6.460430079,4.853732377
94,1.97,7.83,,174.3,300,0.04,5.22,4.933878072,3.073443034
94,1.97,7.83,,174.3,300,0.04,5.22,4.540666864,2.801212622
94,1.97,7.83,,174.3,300,0.04,5.22,4.065392809,2.421487502
94,1.97,7.83,,174.3,300,0.04,5.22,3.568611145,1.68713942
94,1.97,7.83,,174.3,300,0.04,5.22,1.336762672,0.310128261
94,1.97,7.83,,174.3,300,0.04,5.22,4.666008432,3.144708159
94,1.97,7.83,,174.3,300,0.04,5.22,4.087757918,2.400219842
94,1.97,7.83,,174.3,300,0.04,5.22,2.56027692,1.781321853
94,1.97,7.83,,174.3,300,0.04,5.22,2.112960937,0.82632226
94,1.97,7.83,,174.3,300,0.04,5.22,1.014360736,0.237992754
94,1.97,7.83,,174.3,300,0.04,5.22,4.728130905,3.090296721
94,1.97,7.83,,174.3,300,0.04,5.22,4.323888918,2.840644488
94,1.97,7.83,,174.3,300,0.04,5.22,4.102473103,2.39248978
94,1.97,7.83,,174.3,300,0.04,5.22,3.301469123,1.745017207
94,1.97,7.83,,174.3,300,0.04,5.22,0.541277231,0.2453746
95,2.009,5,43.8,10.47,298,0.02421965,4.57,5.743558162,2.965881129
95,2.009,5,43.8,10.47,298,0.02421965,4.57,5.618217324,2.848096161
95,2.009,5,43.8,10.47,298,0.02421965,4.57,5.438417947,2.727467133
95,2.009,5,43.8,10.47,298,0.02421965,4.57,5.219034412,2.575455512
95,2.009,5,43.8,10.47,298,0.02421965,4.57,5.00855246,2.378091373
95,2.009,5,43.8,10.47,298,0.02421965,4.57,4.711360058,2.154954776
95,2.009,5,43.8,10.47,298,0.02421965,4.57,4.386891034,1.506252807
96,2.07,7.79,55.2,23.72,298,0.1,5.18,6.551080335,6.640820877
96,2.07,7.79,55.2,23.72,298,0.1,5.18,6.16141827,6.200202636
96,2.07,7.79,55.2,23.72,298,0.1,5.18,5.835979644,5.940317032
96,2.07,7.79,55.2,23.72,298,0.1,5.18,5.191845122,5.266694596
96,2.07,7.79,55.2,23.72,298,0.1,5.18,4.56017282,4.583054425
97,2.09,6.7,24.5,19.2,293,0.02,4.57,4.980224003,3.203889781
97,2.09,6.7,24.5,19.2,293,0.02,4.57,2.463458014,0.36481045
98,2.1,7.8,35,,298,0.1,3.36,4.441474093,0.07612736
98,2.1,7.8,35,,298,0.1,3.36,5.708106446,1.272957676
98,2.1,7.8,35,,298,0.1,3.36,7.75645216,3.713572067
98,2.1,7.8,35,,298,0.1,3.36,8.62057976,4.17438727
98,2.1,7.8,35,,298,0.1,3.36,9.097250058,4.574710979
99,2.182,4.73,20,5.41,298,0.02390116,4.57,5.609032138,3.071238553
99,2.182,4.73,20,5.41,298,0.02390116,4.57,5.492824378,2.965881129
99,2.182,4.73,20,5.41,298,0.02390116,4.57,5.328647231,2.801576973
99,2.182,4.73,20,5.41,298,0.02390116,4.57,5.106638567,2.688248774
99,2.182,4.73,20,5.41,298,0.02390116,4.57,4.343540452,1.666592993
99,2.182,4.73,20,5.41,298,0.02390116,4.57,4.639677887,2.154954776
99,2.182,4.73,20,5.41,298,0.02390116,4.57,4.771208216,2.359740173
100,2.2,7.82,35,21.3,298,0.1,3.36,4.427238977,0.647835958
100,2.2,7.82,35,21.3,298,0.1,3.36,5.53417969,1.226213633
100,2.2,7.82,35,21.3,298,0.1,3.36,7.770476444,3.708424695
100,2.2,7.82,35,21.3,298,0.1,3.36,8.612503371,4.184457929
100,2.2,7.82,35,21.3,298,0.1,3.36,9.074325899,4.581201212
101,2.26,5.85,,,297,0.1667,3.36,9.239986549,5.91277301
101,2.26,5.85,,,297,0.1667,3.36,9.073695566,5.741565617
101,2.26,5.85,,,297,0.1667,3.36,9.13905917,5.623758267
101,2.26,5.85,,,297,0.1667,3.36,9.064736398,5.599640106
101,2.26,5.85,,,297,0.1667,3.36,9.048115517,5.685877126
101,2.26,5.85,,,297,0.1667,3.36,8.980801414,5.606387189
101,2.26,5.85,,,297,0.1667,3.36,8.912405923,5.516276301
101,2.26,5.85,,,297,0.1667,3.36,8.885440912,5.592355447
101,2.26,5.85,,,297,0.1667,3.36,8.822572736,5.449931833
101,2.26,5.85,,,297,0.1667,3.36,8.78092575,5.400349449
101,2.26,5.85,,,297,0.1667,3.36,8.140198915,5.023687081
101,2.26,5.85,,,297,0.1667,3.36,4.421247348,-0.059750004
102,2.27,8.35,,248.9,300,0.04,5.22,4.601716228,2.788867993
102,2.27,8.35,,248.9,300,0.04,5.22,4.363394123,2.361429307
102,2.27,8.35,,248.9,300,0.04,5.22,3.544370889,1.546924007
102,2.27,8.35,,248.9,300,0.04,5.22,2.357196377,0.820968552
102,2.27,8.35,,248.9,300,0.04,5.22,2.133302163,0.058834786
102,2.27,8.35,,248.9,300,0.04,5.22,4.798541304,3.091106088
102,2.27,8.35,,248.9,300,0.04,5.22,4.612717632,2.788935631
102,2.27,8.35,,248.9,300,0.04,5.22,3.982792697,2.41373283
102,2.27,8.35,,248.9,300,0.04,5.22,1.707507917,0.869366825
102,2.27,8.35,,248.9,300,0.04,5.22,1.088460938,0.154779054
102,2.27,8.35,,248.9,300,0.04,5.22,4.811375899,3.087969555
102,2.27,8.35,,248.9,300,0.04,5.22,4.624334374,2.769515254
102,2.27,8.35,,248.9,300,0.04,5.22,4.24059555,2.349525929
102,2.27,8.35,,248.9,300,0.04,5.22,3.369775512,1.717861731
102,2.27,8.35,,248.9,300,0.04,5.22,0.658141571,0.204572166
103,2.28,7.44,31,19,298,0.1,5.18,6.377237022,6.641279423
103,2.28,7.44,31,19,298,0.1,5.18,6.1014394,6.359299263
103,2.28,7.44,31,19,298,0.1,5.18,5.700109069,5.945627394
103,2.28,7.44,31,19,298,0.1,5.18,5.068904202,5.286312091
103,2.28,7.44,31,19,298,0.1,5.18,4.363098625,4.544281529
104,2.32,6.05,8.2,19.7,298,0.002877816,4.57,4.603256356,3.981352845
104,2.32,6.05,8.2,19.7,298,0.002877816,4.57,4.538717835,4.021005057
104,2.32,6.05,8.2,19.7,298,0.011507172,4.57,6.293286276,4.911423596
104,2.32,6.05,8.2,19.7,298,0.011507172,4.57,6.219811736,4.93564373
105,2.354651163,8.28,24.3,,298,0.01,3.36,8.535543785,6.190199211
105,2.354651163,8.28,24.3,,298,0.01,3.36,8.352483629,6.154692475
105,2.354651163,8.28,24.3,,298,0.01,3.36,8.236897109,6.043289625
105,2.354651163,8.28,24.3,,298,0.01,3.36,8.117282628,5.89473501
105,2.354651163,8.28,24.3,,298,0.01,3.36,7.915968641,5.783279495
105,2.354651163,8.28,24.3,,298,0.01,3.36,7.778588288,5.559043752
105,2.354651163,8.28,24.3,,298,0.01,3.36,7.451357822,5.424731491
105,2.354651163,8.28,24.3,,298,0.01,3.36,7.195412351,5.103147624
105,2.354651163,8.28,24.3,,298,0.01,3.36,6.810583367,4.680290645
105,2.354651163,8.28,24.3,,298,0.01,3.36,6.137727054,3.96047597
106,2.356,6.03,18.6,9.41,298,0.012623863,4.57,5.9815541,3.42700482
106,2.356,6.03,18.6,9.41,298,0.012623863,4.57,5.867262359,3.298012276
106,2.356,6.03,18.6,9.41,298,0.012623863,4.57,5.693189567,3.182941864
106,2.356,6.03,18.6,9.41,298,0.012623863,4.57,5.520597345,2.985878888
106,2.356,6.03,18.6,9.41,298,0.012623863,4.57,5.228390488,2.75278772
106,2.356,6.03,18.6,9.41,298,0.012623863,4.57,4.571273117,2.084329576
106,2.356,6.03,18.6,9.41,298,0.012623863,4.57,5.025743259,2.619255417
107,2.360465116,7.6,11.6,,303,0.1,5.18,4.42253378,4.249804385
107,2.360465116,7.6,11.6,,303,0.1,5.18,3.220450584,3.724193508
107,2.360465116,7.6,11.6,,303,0.1,5.18,2.140524882,3.017077828
107,2.360465116,7.6,11.6,,303,0.1,5.18,1.041900834,2.45143604
107,2.360465116,7.6,11.6,,303,0.1,5.18,4.408445805,5.002100308
107,2.360465116,7.6,11.6,,303,0.1,5.18,3.438387188,4.590904919
107,2.360465116,7.6,11.6,,303,0.1,5.18,2.696449843,4.244033876
107,2.360465116,7.6,11.6,,303,0.1,5.18,1.728872916,3.708515401
107,2.360465116,7.6,11.6,,303,0.1,5.18,0.981666403,3.01536822
107,2.360465116,7.6,11.6,,303,0.1,5.18,0.981666403,2.235205206
107,2.360465116,7.6,11.6,,303,0.1,5.18,3.931921707,4.996370027
107,2.360465116,7.6,11.6,,303,0.1,5.18,3.088493754,4.590904919
107,2.360465116,7.6,11.6,,303,0.1,5.18,2.116628939,4.231763181
107,2.360465116,7.6,11.6,,303,0.1,5.18,3.949214739,5.296899862
107,2.360465116,7.6,11.6,,303,0.1,5.18,2.943312029,5.002100308
107,2.360465116,7.6,11.6,,303,0.1,5.18,2.447991942,4.616437471
107,2.360465116,7.6,11.6,,303,0.1,5.18,1.492477039,4.244033876
107,2.360465116,7.6,11.6,,303,0.1,5.18,1.349371007,3.687460949
108,2.407,4.49,53.8,12.13,298,0.024968237,4.57,5.817385825,2.903359276
108,2.407,4.49,53.8,12.13,298,0.024968237,4.57,5.718484534,2.765211578
108,2.407,4.49,53.8,12.13,298,0.024968237,4.57,5.576892597,2.619255417
108,2.407,4.49,53.8,12.13,298,0.024968237,4.57,4.597008974,1.366499734
108,2.407,4.49,53.8,12.13,298,0.024968237,4.57,4.906164753,1.981677103
108,2.407,4.49,53.8,12.13,298,0.024968237,4.57,5.095846774,2.177418617
108,2.407,4.49,53.8,12.13,298,0.024968237,4.57,5.388728749,2.43119816
109,2.547,4.18,29.27,5.28,298,0.05,4.57,4.77901536,4.480830591
109,2.547,4.18,29.27,5.28,298,0.05,4.57,2.299131215,2.227981336
109,2.547,4.18,29.27,5.28,298,0.05,4.57,1.224054235,0.008289307
110,2.575581395,5.64,,10.31,298,0.012454483,5.18,3.234749174,3.61570374
110,2.575581395,5.64,,10.31,299,0.012454483,5.18,3.148453361,3.503651678
110,2.575581395,5.64,,10.31,300,0.012454483,5.18,3.072693315,3.384817291
110,2.575581395,5.64,,10.31,301,0.012454483,5.18,3.000719815,3.249901512
110,2.575581395,5.64,,10.31,302,0.012454483,5.18,2.923161581,3.078813437
110,2.575581395,5.64,,10.31,303,0.012454483,5.18,2.809402695,2.897065968
110,2.575581395,5.64,,10.31,304,0.012454483,5.18,2.595254707,2.675375483
111,2.720930233,6.57,13.63,,298,0.05,4.18,4.605170186,0.199342541
111,2.720930233,6.57,13.63,,298,0.05,4.18,4.38400842,-0.197719499
111,2.720930233,6.57,13.63,,298,0.05,4.18,4.094344562,-0.395267283
111,2.720930233,6.57,13.63,,298,0.05,4.18,3.692839104,-0.992631965
111,2.720930233,6.57,13.63,,298,0.05,4.18,3.011482584,-1.538513574
111,2.720930233,6.57,13.63,,298,0.05,4.18,4.605170186,-0.491349847
111,2.720930233,6.57,13.63,,298,0.05,4.18,4.38400842,-0.916290732
111,2.720930233,6.57,13.63,,298,0.05,4.18,4.094344562,-1.075286463
111,2.720930233,6.57,13.63,,298,0.05,4.18,3.003635957,-2.650725134
111,2.720930233,6.57,13.63,,298,0.05,4.18,3.688879454,-1.203972804
111,2.720930233,6.57,13.63,,298,0.05,5.18,4.60367607,0.222903523
111,2.720930233,6.57,13.63,,298,0.05,5.18,4.380158641,0.198112882
111,2.720930233,6.57,13.63,,298,0.05,5.18,4.094344562,-0.021121497
111,2.720930233,6.57,13.63,,298,0.05,5.18,3.688879454,-0.434173272
111,2.720930233,6.57,13.63,,298,0.05,5.18,2.988239271,-1.170215708
111,2.720930233,6.57,13.63,,313,0.05,5.18,4.605170186,0.18223822
111,2.720930233,6.57,13.63,,313,0.05,5.18,4.382026635,0.084800602
111,2.720930233,6.57,13.63,,313,0.05,5.18,4.094344562,-0.105027238
111,2.720930233,6.57,13.63,,313,0.05,5.18,3.688879454,-0.510658971
111,2.720930233,6.57,13.63,,313,0.05,5.18,3.003169548,-1.239254618
112,2.8,,,,298,0.00417,3.36,2.963937123,1.931144529
112,2.8,,,,298,0.00417,3.36,2.029174037,1.238721997
113,2.800581395,5.8,33.3,34.14,298,0.02,4.57,5.821861763,3.500602197
113,2.800581395,5.8,33.3,34.14,298,0.02,4.57,5.658436373,3.249288631
113,2.800581395,5.8,33.3,34.14,298,0.02,4.57,5.520260197,3.116413328
113,2.800581395,5.8,33.3,34.14,298,0.02,4.57,5.086361005,2.832236396
113,2.800581395,5.8,33.3,34.14,298,0.02,4.57,4.077537444,1.963736034
113,2.800581395,5.8,33.3,34.14,298,0.02,4.57,3.091042453,1.39574952
113,2.800581395,5.8,33.3,34.14,298,0.02,4.57,2.63188884,0.641959144
114,2.823,6.78,23.6,16.83,298,0.017965373,4.57,5.786618815,3.222788162
114,2.823,6.78,23.6,16.83,298,0.017965373,4.57,5.642950144,3.124349738
114,2.823,6.78,23.6,16.83,298,0.017965373,4.57,5.492824378,2.965881129
114,2.823,6.78,23.6,16.83,298,0.017965373,4.57,5.277659454,2.848096161
114,2.823,6.78,23.6,16.83,298,0.017965373,4.57,5.020128755,2.633441591
114,2.823,6.78,23.6,16.83,298,0.017965373,4.57,4.763960372,2.378091373
114,2.823,6.78,23.6,16.83,298,0.017965373,4.57,4.408212035,1.897124985
115,2.89,7.73,,306.4,300,0.04,5.22,4.63958997,3.107886162
115,2.89,7.73,,306.4,300,0.04,5.22,3.783120881,2.448043821
115,2.89,7.73,,306.4,300,0.04,5.22,2.989185893,1.785003365
115,2.89,7.73,,306.4,300,0.04,5.22,2.029791633,0.965576012
115,2.89,7.73,,306.4,300,0.04,5.22,1.217964463,-0.213069466
115,2.89,7.73,,306.4,300,0.04,5.22,4.17298783,3.150601267
115,2.89,7.73,,306.4,300,0.04,5.22,3.691149376,2.871392791
115,2.89,7.73,,306.4,300,0.04,5.22,3.309213663,2.394553331
115,2.89,7.73,,306.4,300,0.04,5.22,2.712082062,1.764234098
115,2.89,7.73,,306.4,300,0.04,5.22,0.934327094,0.889946757
115,2.89,7.73,,306.4,300,0.04,5.22,4.338587938,3.137982422
115,2.89,7.73,,306.4,300,0.04,5.22,4.030268157,2.852514115
115,2.89,7.73,,306.4,300,0.04,5.22,3.823567677,2.424678824
115,2.89,7.73,,306.4,300,0.04,5.22,2.957812314,1.73603532
115,2.89,7.73,,306.4,300,0.04,5.22,1.858171235,0.117516333
116,2.91,4.54,19.73,11.95,298,0.031891149,4.57,5.695726781,2.688248774
116,2.91,4.54,19.73,11.95,298,0.031891149,4.57,5.563854285,2.590264665
116,2.91,4.54,19.73,11.95,298,0.031891149,4.57,5.434513393,2.43119816
116,2.91,4.54,19.73,11.95,298,0.031891149,4.57,5.268453858,2.220908551
116,2.91,4.54,19.73,11.95,298,0.031891149,4.57,5.095757388,2.008348252
116,2.91,4.54,19.73,11.95,298,0.031891149,4.57,4.770800719,1.804741503
116,2.91,4.54,19.73,11.95,298,0.031891149,4.57,4.407880768,1.415270469
117,2.95,8.26,,164.1,300,0.04,5.22,4.283062287,2.828449072
117,2.95,8.26,,164.1,300,0.04,5.22,3.978505261,2.407944609
117,2.95,8.26,,164.1,300,0.04,5.22,2.876914953,1.750520721
117,2.95,8.26,,164.1,300,0.04,5.22,2.274195906,0.926359868
117,2.95,8.26,,164.1,300,0.04,5.22,1.011891778,0.149798365
117,2.95,8.26,,164.1,300,0.04,5.22,4.176250149,3.01597598
117,2.95,8.26,,164.1,300,0.04,5.22,3.869937713,2.7332305
117,2.95,8.26,,164.1,300,0.04,5.22,3.602695008,2.444466527
117,2.95,8.26,,164.1,300,0.04,5.22,2.492453104,1.781271327
117,2.95,8.26,,164.1,300,0.04,5.22,1.339779107,0.869115263
117,2.95,8.26,,164.1,300,0.04,5.22,4.647627003,3.106445936
117,2.95,8.26,,164.1,300,0.04,5.22,4.05922848,2.401787688
117,2.95,8.26,,164.1,300,0.04,5.22,3.052934575,1.753901827
117,2.95,8.26,,164.1,300,0.04,5.22,1.892434023,0.833169958
117,2.95,8.26,,164.1,300,0.04,5.22,1.676067995,0.071017487
118,3.023255814,7.66,6.9,,298,0.1,5.18,4.696827338,5.062520347
118,3.023255814,7.66,6.9,,298,0.1,5.18,4.433678177,4.778576285
118,3.023255814,7.66,6.9,,298,0.1,5.18,3.983876581,4.376091557
118,3.023255814,7.66,6.9,,298,0.1,5.18,3.087390338,3.691832589
118,3.023255814,7.66,6.9,,298,0.1,5.18,1.988778049,3.024888082
119,3.04,6.67,,17.25,298,0.05,3.36,8.694150386,2.08568824
119,3.04,6.67,,17.25,298,0.05,3.36,8.451502006,2.155617553
119,3.04,6.67,,17.25,298,0.05,3.36,8.372999443,1.990655409
119,3.04,6.67,,17.25,298,0.05,3.36,8.215114652,1.889634539
119,3.04,6.67,,17.25,298,0.05,3.36,8.041445094,1.757971704
119,3.04,6.67,,17.25,298,0.05,3.36,7.984701205,1.411969418
119,3.04,6.67,,17.25,298,0.05,3.36,7.644584361,1.342729024
119,3.04,6.67,,17.25,298,0.05,3.36,7.368781229,1.041198548
119,3.04,6.67,,17.25,298,0.05,3.36,7.175566222,0.291997747
119,3.04,6.67,,17.25,298,0.05,3.36,6.221782302,-0.073614248
120,3.058139535,8.05,12.9,,298,0.01,3.36,8.444213813,6.281802714
120,3.058139535,8.05,12.9,,298,0.01,3.36,8.26588162,6.238435361
120,3.058139535,8.05,12.9,,298,0.01,3.36,8.144505003,6.127209737
120,3.058139535,8.05,12.9,,298,0.01,3.36,8.000181809,5.998531765
120,3.058139535,8.05,12.9,,298,0.01,3.36,7.824046011,5.854889097
120,3.058139535,8.05,12.9,,298,0.01,3.36,7.61010994,5.696664871
120,3.058139535,8.05,12.9,,298,0.01,3.36,7.337587744,5.497051825
120,3.058139535,8.05,12.9,,298,0.01,3.36,7.045863681,5.232359171
120,3.058139535,8.05,12.9,,298,0.01,3.36,6.632396956,4.82689433
120,3.058139535,8.05,12.9,,298,0.01,3.36,6.009795504,4.063129055
120,3.058139535,8.05,12.9,,288,0.01,3.36,8.160775357,6.469923578
120,3.058139535,8.05,12.9,,288,0.01,3.36,7.971672598,6.411425087
120,3.058139535,8.05,12.9,,288,0.01,3.36,7.857596834,6.288811452
120,3.058139535,8.05,12.9,,288,0.01,3.36,7.699978268,6.166795896
120,3.058139535,8.05,12.9,,288,0.01,3.36,7.506866468,6.039842245
120,3.058139535,8.05,12.9,,288,0.01,3.36,7.296955495,5.861534377
120,3.058139535,8.05,12.9,,288,0.01,3.36,6.941286762,5.690774571
120,3.058139535,8.05,12.9,,288,0.01,3.36,6.653636923,5.40497564
120,3.058139535,8.05,12.9,,288,0.01,3.36,6.183530143,5.025570539
120,3.058139535,8.05,12.9,,288,0.01,3.36,5.421419564,4.343420932
120,3.058139535,8.05,12.9,,308,0.01,3.36,8.591558273,6.129100318
120,3.058139535,8.05,12.9,,308,0.01,3.36,8.445374904,6.073293121
120,3.058139535,8.05,12.9,,308,0.01,3.36,8.324990981,5.963681909
120,3.058139535,8.05,12.9,,308,0.01,3.36,8.182084025,5.830792734
120,3.058139535,8.05,12.9,,308,0.01,3.36,8.018855929,5.694534174
120,3.058139535,8.05,12.9,,308,0.01,3.36,7.832252247,5.516721706
120,3.058139535,8.05,12.9,,308,0.01,3.36,7.591861715,5.308655741
120,3.058139535,8.05,12.9,,308,0.01,3.36,7.2822112,5.045588581
120,3.058139535,8.05,12.9,,308,0.01,3.36,6.898714534,4.640065211
120,3.058139535,8.05,12.9,,308,0.01,3.36,6.28897318,3.879795225
121,3.325,4.89,24.37,12.89,298,0.028081642,4.57,5.675518108,2.859396954
121,3.325,4.89,24.37,12.89,298,0.028081642,4.57,5.503135631,2.714562285
121,3.325,4.89,24.37,12.89,298,0.028081642,4.57,5.294749509,2.590264665
121,3.325,4.89,24.37,12.89,298,0.028081642,4.57,5.166735501,2.481634636
121,3.325,4.89,24.37,12.89,298,0.028081642,4.57,4.937468008,2.241964221
121,3.325,4.89,24.37,12.89,298,0.028081642,4.57,4.67201542,1.954275065
121,3.325,4.89,24.37,12.89,298,0.028081642,4.57,4.34348589,1.589643285
122,3.6,7.03,38.1,33.1,298,0.1,3.36,8.89439599,5.431991686
122,3.6,7.03,38.1,33.1,298,0.1,3.36,8.761113014,5.307429227
122,3.6,7.03,38.1,33.1,298,0.1,3.36,8.661970363,5.161183493
122,3.6,7.03,38.1,33.1,298,0.1,3.36,8.511287789,5.066266765
122,3.6,7.03,38.1,33.1,298,0.1,3.36,8.326156165,4.917154307
122,3.6,7.03,38.1,33.1,298,0.1,3.36,8.129145515,4.747813192
122,3.6,7.03,38.1,33.1,298,0.1,3.36,7.717587114,4.394534336
122,3.6,7.03,38.1,33.1,298,0.1,3.36,7.093902841,3.900515042
122,3.6,7.03,38.1,33.1,298,0.1,3.36,6.277695567,3.261437106
122,3.6,7.03,38.1,33.1,298,0.1,3.36,5.444191029,2.45706429
122,3.6,7.03,38.1,33.1,298,0.01818,4.57,4.532696263,3.590375931
122,3.6,7.03,38.1,33.1,298,0.01818,4.57,4.302942842,3.437175664
122,3.6,7.03,38.1,33.1,298,0.01818,4.57,4.202032368,3.370824081
122,3.6,7.03,38.1,33.1,298,0.01818,4.57,3.982742386,3.144871847
122,3.6,7.03,38.1,33.1,298,0.01818,4.57,3.812843349,3.029877629
122,3.6,7.03,38.1,33.1,298,0.01818,4.57,3.508885187,2.821765716
122,3.6,7.03,38.1,33.1,298,0.01818,4.57,3.354734507,2.688153569
122,3.6,7.03,38.1,33.1,298,0.01818,4.57,3.17241295,2.525512621
122,3.6,7.03,38.1,33.1,298,0.01818,4.57,2.256122219,1.888855931
122,3.6,7.03,38.1,33.1,298,0.01818,4.57,1.562975038,1.17807021
122,3.6,7.03,38.1,33.1,298,0.0025,5.18,3.002136721,3.573544357
122,3.6,7.03,38.1,33.1,298,0.0025,5.18,2.962459834,3.449860554
122,3.6,7.03,38.1,33.1,298,0.0025,5.18,2.847203262,3.367623363
122,3.6,7.03,38.1,33.1,298,0.0025,5.18,2.65147985,3.170865557
122,3.6,7.03,38.1,33.1,298,0.0025,5.18,2.491758125,3.112723885
122,3.6,7.03,38.1,33.1,298,0.0025,5.18,2.318999634,2.874383513
122,3.6,7.03,38.1,33.1,298,0.0025,5.18,2.110031366,2.716289498
122,3.6,7.03,38.1,33.1,298,0.0025,5.18,1.645576959,2.275768727
122,3.6,7.03,38.1,33.1,298,0.0025,5.18,1.124280035,1.702235848
122,3.6,7.03,38.1,33.1,298,0.0025,5.18,0.751180212,1.36912277
123,3.63372093,6.73,20.6,8.29,298,0.05,4.18,4.606730967,0.324327357
123,3.63372093,6.73,20.6,8.29,298,0.05,4.18,4.382514016,0.044782143
123,3.63372093,6.73,20.6,8.29,298,0.05,4.18,4.093645985,0.02849027
123,3.63372093,6.73,20.6,8.29,298,0.05,4.18,3.688454364,-0.598018835
123,3.63372093,6.73,20.6,8.29,298,0.05,4.18,2.997520673,-1.148538097
123,3.63372093,6.73,20.6,8.29,298,0.05,4.18,4.605916907,-0.413698913
123,3.63372093,6.73,20.6,8.29,298,0.05,4.18,4.381747846,-0.687761708
123,3.63372093,6.73,20.6,8.29,298,0.05,4.18,4.095017669,-1.028340236
123,3.63372093,6.73,20.6,8.29,298,0.05,4.18,3.6878264,-1.117183674
123,3.63372093,6.73,20.6,8.29,298,0.05,4.18,2.996037227,-2.918771232
123,3.63372093,6.73,20.6,8.29,298,0.05,5.18,4.606787877,0.374249601
123,3.63372093,6.73,20.6,8.29,298,0.05,5.18,4.381013622,0.263286916
123,3.63372093,6.73,20.6,8.29,298,0.05,5.18,4.094344562,-0.225020311
123,3.63372093,6.73,20.6,8.29,298,0.05,5.18,3.686852401,-0.369904933
123,3.63372093,6.73,20.6,8.29,298,0.05,5.18,2.987604331,-1.238564249
123,3.63372093,6.73,20.6,8.29,313,0.05,5.18,4.605170186,0.208963488
123,3.63372093,6.73,20.6,8.29,313,0.05,5.18,4.381013622,0.12018016
123,3.63372093,6.73,20.6,8.29,313,0.05,5.18,4.094344562,-0.13547614
123,3.63372093,6.73,20.6,8.29,313,0.05,5.18,3.690902407,-0.544727175
123,3.63372093,6.73,20.6,8.29,313,0.05,5.18,2.995732274,-1.218071729
124,3.63372093,6.73,20.64,,298,0.05,5.18,4.605235184,0.372252974
124,3.63372093,6.73,20.64,,298,0.05,5.18,4.382341585,0.264822778
124,3.63372093,6.73,20.64,,298,0.05,5.18,4.094357895,-0.218404797
124,3.63372093,6.73,20.64,,298,0.05,5.18,3.689466782,-0.372223774
124,3.63372093,6.73,20.64,,298,0.05,5.18,3.003601232,-1.240636789
124,3.63372093,6.73,20.64,,313,0.05,5.18,4.606434387,0.208476514
124,3.63372093,6.73,20.64,,313,0.05,5.18,4.382084133,0.126632651
124,3.63372093,6.73,20.64,,313,0.05,5.18,4.094492885,-0.139147131
124,3.63372093,6.73,20.64,,313,0.05,5.18,3.68913942,-0.540941248
124,3.63372093,6.73,20.64,,313,0.05,5.18,2.996342088,-1.214696768
125,3.672,4.34,19.86,6.02,298,0.038694405,4.57,5.268809768,2.75278772
125,3.672,4.34,19.86,6.02,298,0.038694405,4.57,5.020142623,2.647422246
125,3.672,4.34,19.86,6.02,298,0.038694405,4.57,4.847928896,2.465103522
125,3.672,4.34,19.86,6.02,298,0.038694405,4.57,4.703852854,2.378091373
125,3.672,4.34,19.86,6.02,298,0.038694405,4.57,4.078310027,1.897124985
125,3.672,4.34,19.86,6.02,298,0.038694405,4.57,3.672701799,1.366499734
125,3.672,4.34,19.86,6.02,298,0.038694405,4.57,4.459087208,2.059634164
126,3.976744186,7.22,18.1,25.05,298,0.02,4.57,4.932313327,3.763792102
126,3.976744186,7.22,18.1,25.05,298,0.02,4.57,4.575741375,3.556364687
126,3.976744186,7.22,18.1,25.05,298,0.02,4.57,3.808882247,3.126887721
126,3.976744186,7.22,18.1,25.05,298,0.02,4.57,2.708050201,2.213196347
126,3.976744186,7.22,18.1,25.05,298,0.02,4.57,1.931521412,1.532945561
126,3.976744186,7.22,18.1,25.05,298,0.02,4.57,0.832909123,0.81381494
127,4.278,5.65,15.66,10.46,298,0.017304618,4.57,5.760096328,3.283415596
127,4.278,5.65,15.66,10.46,298,0.017304618,4.57,5.642950144,3.124349738
127,4.278,5.65,15.66,10.46,298,0.017304618,4.57,5.527367838,2.924638983
127,4.278,5.65,15.66,10.46,298,0.017304618,4.57,5.345114594,2.825104082
127,4.278,5.65,15.66,10.46,298,0.017304618,4.57,5.064305594,2.647422246
127,4.278,5.65,15.66,10.46,298,0.017304618,4.57,4.696232264,2.513890853
127,4.278,5.65,15.66,10.46,298,0.017304618,4.57,4.332706393,2.034326491
128,4.417,4.8,20.98,9.03,298,0.037295209,4.57,5.282034009,2.870571464
128,4.417,4.8,20.98,9.03,298,0.037295209,4.57,5.111801626,2.688248774
128,4.417,4.8,20.98,9.03,298,0.037295209,4.57,4.827408528,2.241964221
128,4.417,4.8,20.98,9.03,298,0.037295209,4.57,3.814304328,1.461796005
128,4.417,4.8,20.98,9.03,298,0.037295209,4.57,4.187883477,1.897124985
128,4.417,4.8,20.98,9.03,298,0.037295209,4.57,4.497890051,2.059634164
128,4.417,4.8,20.98,9.03,298,0.037295209,4.57,4.96184063,2.43119816
129,4.46,7.21,,22.31,297,0.1,5.18,5.395444077,5.000646909
129,4.46,7.21,,22.31,297,0.1,5.18,5.282695986,4.569137745
129,4.46,7.21,,22.31,297,0.1,5.18,5.246497618,4.183263147
129,4.46,7.21,,22.31,297,0.025,5.18,5.972281728,6.376017683
129,4.46,7.21,,22.31,297,0.025,5.18,5.928790953,5.968730322
129,4.46,7.21,,22.31,297,0.025,5.18,5.749392986,5.60671011
129,4.46,7.21,,22.31,297,0.025,5.18,5.121580188,5.307941407
129,4.46,7.21,,22.31,297,0.025,5.18,4.926528785,4.779181475
130,4.46,7.31,10,22.31,297,0.1,5.18,5.397257314,4.998958721
130,4.46,7.31,10,22.31,297,0.1,5.18,5.281679725,4.590313368
130,4.46,7.31,10,22.31,297,0.1,5.18,5.241747015,4.230825767
130,4.46,7.31,10,22.31,297,0.1,5.18,4.67562865,3.371579744
131,4.61627907,5.4,19.3,19.12,298,0.02,4.57,4.036008985,3.853325525
131,4.61627907,5.4,19.3,19.12,298,0.02,4.57,3.78191432,3.634581651
131,4.61627907,5.4,19.3,19.12,298,0.02,4.57,3.139832618,3.172693657
131,4.61627907,5.4,19.3,19.12,298,0.02,4.57,1.931521412,2.263844265
131,4.61627907,5.4,19.3,19.12,298,0.02,4.57,0.832909123,1.582970726
131,4.61627907,5.4,19.3,19.12,298,0.02,4.57,0.182321557,0.865123745
132,5.05,,13,,283,0.0554,3.36,7.665753432,4.818607585
132,5.05,,13,,283,0.0554,3.36,7.730614066,4.802437825
132,5.05,,13,,283,0.0554,3.36,7.791481496,4.781270766
132,5.05,,13,,283,0.0554,3.36,7.865495009,4.757204342
132,5.05,,13,,283,0.0554,3.36,8.045652381,4.668146863
132,5.05,,13,,283,0.0554,3.36,8.133323221,4.624613925
132,5.05,,13,,283,0.0554,3.36,8.299236167,4.516053686
132,5.05,,13,,283,0.0554,3.36,8.38765382,4.44874442
132,5.05,,13,,283,0.0554,3.36,8.450732825,4.394235552
132,5.05,,13,,283,0.0554,3.36,8.51288392,4.317904027
132,5.05,,13,,283,0.0554,3.36,8.802537534,3.855376461
132,5.05,,13,,283,0.0554,3.36,7.018222732,4.092918546
132,5.05,,13,,283,0.0554,3.36,7.149995326,4.054312186
132,5.05,,13,,283,0.0554,3.36,7.295870749,3.99348317
132,5.05,,13,,283,0.0554,3.36,7.473182718,3.906139733
132,5.05,,13,,283,0.0554,3.36,7.616726595,3.816685425
132,5.05,,13,,283,0.0554,3.36,7.664815785,3.784987043
132,5.05,,13,,283,0.0554,3.36,7.760594898,3.690548061
132,5.05,,13,,283,0.0554,3.36,8.017142641,3.3479056
132,5.05,,13,,283,0.0554,3.36,7.337978038,2.603696586
132,5.05,,13,,283,0.0554,3.36,7.073439195,2.968746408
132,5.05,,13,,283,0.0554,3.36,7.011033628,3.052457538
132,5.05,,13,,283,0.0554,3.36,6.887756632,3.142094128
132,5.05,,13,,283,0.0554,3.36,6.811794888,3.166356516
132,5.05,,13,,283,0.0554,3.36,6.583132559,3.310729127
132,5.05,,13,,283,0.0554,3.36,6.337887115,3.399759682
132,5.05,,13,,283,0.0554,3.36,6.012247086,3.490172385
132,5.05,,13,,283,0.0554,3.36,5.776103136,3.524193472
132,5.05,,13,,283,0.0554,3.36,5.163642463,2.5651801
132,5.05,,13,,283,0.0554,3.36,4.753590191,1.780816479
132,5.05,,13,,283,0.0554,3.36,-1.203972804,0.346493286
132,5.05,,13,,283,0.0554,3.36,6.402911727,1.676984405
132,5.05,,13,,283,0.0554,3.36,5.66122286,1.035565987
132,5.05,,13,,283,0.0554,3.36,5.805436128,2.346716804
132,5.05,,13,,283,0.0554,3.36,6.000176488,2.201017376
132,5.05,,13,,283,0.0554,3.36,6.1014394,2.169007985
132,5.05,,13,,283,0.0554,3.36,4.638604962,2.688044753
133,5.08,5.1,7,20.1,294,0.01,4.57,4.249420789,3.517198729
133,5.08,5.1,7,20.1,294,0.01,4.57,3.359932168,2.870632835
133,5.08,5.1,7,20.1,294,0.01,4.57,3.285788928,2.870632835
134,5.5,,,,298,0.00407,3.36,4.602427428,5.356474476
134,5.5,,,,298,0.00407,3.36,4.567087145,5.354453814
134,5.5,,,,298,0.00407,3.36,4.567367587,5.32
134,5.5,,,,298,0.00407,3.36,4.650659671,5.244169475
134,5.5,,,,298,0.00407,3.36,4.15690613,5.083753777
134,5.5,,,,298,0.00407,3.36,4.188975724,5.078355623
134,5.5,,,,298,0.00407,3.36,3.928301784,4.862621633
134,5.5,,,,298,0.00407,3.36,3.768044084,4.621713586
134,5.5,,,,298,0.00407,3.36,3.768632889,4.546574504
134,5.5,,,,298,0.00407,3.36,3.720915767,4.343749576
134,5.5,,,,298,0.00407,3.36,3.737836271,4.297713886
134,5.5,,,,298,0.00407,3.36,2.754138305,4.179670214
134,5.5,,,,298,0.00407,3.36,2.989764502,4.103905378
134,5.5,,,,298,0.00407,3.36,3.092813611,3.627788317
134,5.5,,,,298,0.00407,3.36,3.061084526,3.592693391
134,5.5,,,,298,0.00407,3.36,2.185095764,3.49306528
134,5.5,,,,298,0.00407,3.36,2.261377608,3.381756289
134,5.5,,,,298,0.00407,3.36,1.405140649,3.132742608
134,5.5,,,,298,0.00407,3.36,2.519927852,2.493395517
135,6.634,6.8,33.8,23,298,0.008633339,4.57,5.318741859,4.193805208
135,6.634,6.8,33.8,23,298,0.008633339,4.57,5.12498013,4.107331532
135,6.634,6.8,33.8,23,298,0.008633339,4.57,4.988465347,3.954256483
135,6.634,6.8,33.8,23,298,0.008633339,4.57,4.830289384,3.764388052
135,6.634,6.8,33.8,23,298,0.008633339,4.57,4.574431558,3.601868986
135,6.634,6.8,33.8,23,298,0.008633339,4.57,4.277947242,3.32658518
135,6.634,6.8,33.8,23,298,0.008633339,4.57,4.020507835,2.789599466
136,6.772,6,31,18.57,298,0.008662642,4.57,5.355683509,4.17890168
136,6.772,6,31,18.57,298,0.008662642,4.57,5.193633844,4.08449286
136,6.772,6,31,18.57,298,0.008662642,4.57,5.039473448,3.927587252
136,6.772,6,31,18.57,298,0.008662642,4.57,4.774238472,3.786858796
136,6.772,6,31,18.57,298,0.008662642,4.57,4.538494984,3.591115015
136,6.772,6,31,18.57,298,0.008662642,4.57,4.335481262,3.312402597
136,6.772,6,31,18.57,298,0.008662642,4.57,3.957279314,2.813412717
137,7.933,6.61,19.1,20.91,298,0.014714397,4.57,5.681855152,3.433354746
137,7.933,6.61,19.1,20.91,298,0.014714397,4.57,5.510668893,3.361191027
137,7.933,6.61,19.1,20.91,298,0.014714397,4.57,5.40483676,3.182941864
137,7.933,6.61,19.1,20.91,298,0.014714397,4.57,5.246898275,3.080289391
137,7.933,6.61,19.1,20.91,298,0.014714397,4.57,4.956371276,2.914055732
137,7.933,6.61,19.1,20.91,298,0.014714397,4.57,4.263252952,2.241964221
137,7.933,6.61,19.1,20.91,298,0.014714397,4.57,4.615258131,2.701495432
138,8.4,4.3,4,,298,0.01,5.18,2.095130327,4.419656288
138,8.4,4.3,4,,298,0.01,5.18,1.511869184,4.113417814
138,8.4,4.3,4,,298,0.01,5.18,0.917529964,3.724108145
138,8.4,4.3,4,,298,0.01,5.18,0.068872864,3.040530418
138,8.4,4.3,4,,298,0.01,5.18,-0.829196025,2.100142136
139,8.677,6,30,22.47,298,0.008591714,4.57,4.905265149,4.329184773
139,8.677,6,30,22.47,298,0.008591714,4.57,4.686102037,4.234390522
139,8.677,6,30,22.47,298,0.008591714,4.57,4.494549192,4.091070876
139,8.677,6,30,22.47,298,0.008591714,4.57,4.338603604,3.908093294
139,8.677,6,30,22.47,298,0.008591714,4.57,4.098713339,3.703477384
139,8.677,6,30,22.47,298,0.008591714,4.57,3.875282255,3.439664606
139,8.677,6,30,22.47,298,0.008591714,4.57,3.459991309,2.892547168
140,10.86046512,6.99,16.02,,303,0.1,5.18,3.536039998,5.299389791
140,10.86046512,6.99,16.02,,303,0.1,5.18,2.705420079,5.013830185
140,10.86046512,6.99,16.02,,303,0.1,5.18,2.176897146,4.617583817
140,10.86046512,6.99,16.02,,303,0.1,5.18,1.147275461,4.255680793
140,10.86046512,6.99,16.02,,303,0.1,5.18,0.348753653,3.698619367
140,10.86046512,6.99,16.02,,303,0.1,5.18,-0.462194202,3.05514204
140,10.86046512,6.99,16.02,,303,0.1,5.18,3.378924506,5.704368303
140,10.86046512,6.99,16.02,,303,0.1,5.18,3.087148518,5.517991707
140,10.86046512,6.99,16.02,,303,0.1,5.18,2.544699553,5.304944856
140,10.86046512,6.99,16.02,,303,0.1,5.18,2.111473013,5.012137499
140,10.86046512,6.99,16.02,,303,0.1,5.18,1.430311247,4.606960582
140,10.86046512,6.99,16.02,,303,0.1,5.18,0.914929806,4.268509332
140,10.86046512,6.99,16.02,,303,0.1,5.18,3.073433781,5.701359208
140,10.86046512,6.99,16.02,,303,0.1,5.18,2.793616089,5.505547366
140,10.86046512,6.99,16.02,,303,0.1,5.18,2.151634288,5.300073823
140,10.86046512,6.99,16.02,,303,0.1,5.18,1.885128372,4.990848827
140,10.86046512,6.99,16.02,,303,0.1,5.18,0.740603122,4.222790546
140,10.86046512,6.99,16.02,,303,0.1,5.18,2.554036179,5.709081742
140,10.86046512,6.99,16.02,,303,0.1,5.18,2.135254606,5.519143034
140,10.86046512,6.99,16.02,,303,0.1,5.18,1.826225306,5.300327844
140,10.86046512,6.99,16.02,,303,0.1,5.18,1.508157949,5.012668559
140,10.86046512,6.99,16.02,,303,0.1,5.18,1.265227816,4.628164772
140,10.86046512,6.99,16.02,,303,0.1,5.18,0.702106922,4.238329459
141,21.4,,,,298,5.00E-04,3.36,2.436670082,4.591920799
141,21.4,,,,298,5.00E-04,3.36,1.388816179,3.737302884
141,21.4,,,,298,5.00E-04,3.36,1.808387127,3.651133453
142,25.1,5.2,,,298,0.00125,4.18,7.377321312,7.894753577
142,25.1,5.2,,,298,0.00125,4.18,7.313820207,7.916652284
142,25.1,5.2,,,298,0.00125,4.18,7.00324726,7.747955885
142,25.1,5.2,,,298,0.00125,4.18,5.476463552,6.636440135
142,25.1,5.2,,,298,0.00125,4.18,5.966659428,6.835929577
